cycle,time,target_time,time_error,integration_point_values_averaged,STATEV1_end,STATEV2_end,STATEV3_end,STATEV4_end,STATEV5_end,STATEV6_end,STATEV7_end,STATEV8_end,STATEV9_end,STATEV10_end,STATEV11_end,STATEV12_end,STATEV13_end,STATEV14_end,STATEV15_end,Delta_STATEV1,Delta_STATEV2,Delta_STATEV3,Delta_STATEV4,Delta_STATEV5,Delta_STATEV6,Delta_STATEV7,Delta_STATEV8,Delta_STATEV9,Delta_STATEV10,Delta_STATEV11,Delta_STATEV12,Delta_STATEV13,Delta_STATEV14,Delta_STATEV15
1,1,1,0,8,0.00559759652242,-87.6441726685,43.8220863342,43.8220863342,2.20513190863e-16,1.33941310685e-15,-1.96417816666e-15,-0.00178161333315,0.000890806666575,0.000890806666575,3.83246666292e-20,1.50378567695e-20,-3.98018423238e-20,0.05596813187,0,0.00559759652242,-87.6441726685,43.8220863342,43.8220863342,2.20513190863e-16,1.33941310685e-15,-1.96417816666e-15,-0.00178161333315,0.000890806666575,0.000890806666575,3.83246666292e-20,1.50378567695e-20,-3.98018423238e-20,0.05596813187,0
2,2,2,0,8,0.0124740088359,-84.0875396729,42.0437698364,42.0437698364,2.58829807026e-15,2.45639647348e-15,-1.36821066534e-15,-0.0017014418263,0.000850720913149,0.000850720913149,1.12946634379e-19,5.30201446896e-20,-3.11858169821e-20,0.124701194465,0,0.00687641231343,3.55663299561,-1.7783164978,-1.7783164978,2.3677848794e-15,1.11698336663e-15,5.95967501323e-16,8.01715068519e-05,-4.0085753426e-05,-4.0085753426e-05,7.46219677496e-20,3.79822879201e-20,8.61602534171e-21,0.0687330625951,0
3,3,3,0,8,0.0192770175636,-84.162071228,42.081035614,42.081035614,-1.15921660143e-15,1.08719868389e-15,-2.2243028533e-15,-0.00170051155146,0.000850255775731,0.000850255775731,1.2976144204e-19,1.18954840563e-20,-3.79299010937e-20,0.19267731905,0,0.00680300872773,-0.0745315551758,0.0372657775879,0.0372657775879,-3.7475146717e-15,-1.36919778959e-15,-8.56092187964e-16,9.30274836719e-07,-4.6513741836e-07,-4.6513741836e-07,1.68148076609e-20,-4.11246606333e-20,-6.74408411155e-21,0.0679761245847,0
4,4,4,0,8,0.0260784551501,-84.1584320068,42.0792160034,42.0792160034,-1.58325461244e-15,2.6687841782e-15,-1.65544828601e-15,-0.00170021760277,0.000850108801387,0.000850108801387,1.59803727743e-19,4.48890206605e-20,-2.81134331192e-20,0.260614603758,0,0.00680143758655,0.00363922119141,-0.0018196105957,-0.0018196105957,-4.24038011003e-16,1.58158549431e-15,5.68854567288e-16,2.93948687613e-07,-1.46974343807e-07,-1.46974343807e-07,3.00422857033e-20,3.29935366042e-20,9.8164679745e-21,0.067937284708,0
5,5,5,0,8,0.032878767699,-84.1528549194,42.0764274597,42.0764274597,1.26261772495e-15,2.6958679475e-15,-1.75262639744e-15,-0.0016999397194,0.000849969859701,0.000849969859701,2.58717812827e-19,9.1112636453e-20,-1.72485983346e-20,0.328517585993,0,0.00680031254888,0.00557708740234,-0.00278854370117,-0.00278854370117,2.84587233739e-15,2.70837693006e-17,-9.71781114225e-17,2.77883373201e-07,-1.389416866e-07,-1.389416866e-07,9.89140850842e-20,4.62236157924e-20,1.08648347845e-20,0.067902982235,0
6,6,6,0,8,0.0396779738367,-84.1472244263,42.0736122131,42.0736122131,1.86196036306e-15,2.64975467975e-15,-1.69462300396e-15,-0.0016996624181,0.000849831209052,0.000849831209052,2.77446834338e-19,1.48083445226e-19,-7.71700542582e-21,0.396386414766,0,0.00679920613766,0.00563049316406,-0.00281524658203,-0.00281524658203,5.99342638104e-16,-4.61132677419e-17,5.80033934773e-17,2.77301296592e-07,-1.38650648296e-07,-1.38650648296e-07,1.87290215109e-20,5.69708087725e-20,9.53159290882e-21,0.0678688287735,0
7,7,7,0,8,0.0464760661125,-84.1415863037,42.0707931519,42.0707931519,1.0630140933e-15,2.10611875658e-15,-1.86716202713e-15,-0.00169938523322,0.000849692616612,0.000849692616612,3.38580689855e-19,1.65830312847e-19,-9.50644104443e-21,0.464221090078,0,0.00679809227586,0.00563812255859,-0.0028190612793,-0.0028190612793,-7.98946269762e-16,-5.43635923178e-16,-1.72539023169e-16,2.7718488127e-07,-1.38592440635e-07,-1.38592440635e-07,6.11338555167e-20,1.77468676211e-20,-1.78943561861e-21,0.067834675312,0
8,8,8,0,8,0.0532730557024,-84.1359558105,42.0679779053,42.0679779053,2.2995894743e-16,1.65847806993e-16,-1.98226947644e-15,-0.00169910816476,0.000849554082379,0.000849554082379,3.2575048484e-19,1.22842094467e-19,-9.71859631178e-21,0.532021641731,0,0.00679698958993,0.00563049316406,-0.00281524658203,-0.00281524658203,-8.33055145866e-16,-1.94027094958e-15,-1.15107449309e-16,2.77068465948e-07,-1.38534232974e-07,-1.38534232974e-07,-1.28302050148e-20,-4.29882183799e-20,-2.12155267352e-22,0.0678005516529,0
9,9,9,0,8,0.0600689351559,-84.1303253174,42.0651626587,42.0651626587,1.70052590709e-15,1.000794547e-15,-1.68281454845e-15,-0.00169883132912,0.000849415664561,0.000849415664561,3.85108228889e-19,4.86914058534e-20,-8.84543129312e-21,0.599788188934,0,0.00679587945342,0.00563049316406,-0.00281524658203,-0.00281524658203,1.47056695966e-15,8.34946740009e-16,2.99454927983e-16,2.76835635304e-07,-1.38417817652e-07,-1.38417817652e-07,5.93577440491e-20,-7.41506886133e-20,8.73165018658e-22,0.0677665472031,0
10,10,10,0,8,0.0668637081981,-84.1246871948,42.0623435974,42.0623435974,-1.15146756022e-15,7.8810255728e-16,-2.38101324109e-15,-0.0016985546099,0.000849277304951,0.000849277304951,3.22385647798e-19,3.53050277986e-21,-3.16592264215e-20,0.667520582676,0,0.0067947730422,0.00563812255859,-0.0028190612793,-0.0028190612793,-2.85199346731e-15,-2.12691989722e-16,-6.98198692637e-16,2.76719219983e-07,-1.38359609991e-07,-1.38359609991e-07,-6.27225810911e-20,-4.51609030735e-20,-2.28137951284e-20,0.0677323937416,0
11,11,11,0,8,0.0736573711038,-84.1190567017,42.0595283508,42.0595283508,-8.61193352899e-17,2.21436855146e-15,-1.58993182626e-15,-0.00169827812351,0.000849139061756,0.000849139061756,3.57482947442e-19,3.47556090235e-21,-1.02277772737e-20,0.73521900177,0,0.00679366290569,0.00563049316406,-0.00281524658203,-0.00281524658203,1.06534822493e-15,1.42626599418e-15,7.91081414836e-16,2.76486389339e-07,-1.38243194669e-07,-1.38243194669e-07,3.50972996439e-20,-5.49418775075e-23,2.14314491478e-20,0.0676984190941,0
12,12,12,0,8,0.0804499313235,-84.1134185791,42.0567092896,42.0567092896,5.64470409125e-16,2.11709603226e-15,-1.99885579644e-15,-0.00169800175354,0.000849000876769,0.000849000876769,4.12441355637e-19,8.4344198981e-20,-9.04491020943e-21,0.802883446217,0,0.00679256021976,0.00563812255859,-0.0028190612793,-0.0028190612793,6.50589744415e-16,-9.72725192001e-17,-4.08923970182e-16,2.76369974017e-07,-1.38184987009e-07,-1.38184987009e-07,5.4958408195e-20,8.08686380786e-20,1.18286706426e-21,0.0676644444466,0
13,13,13,0,8,0.0872413888574,-84.1077880859,42.053894043,42.053894043,-4.25292793038e-15,1.94971798084e-15,-2.54384873464e-15,-0.0016977256164,0.000848862808198,0.000848862808198,2.79861526361e-19,7.38703883855e-20,-2.7096629833e-20,0.870513856411,0,0.00679145753384,0.00563049316406,-0.00281524658203,-0.00281524658203,-4.81739833951e-15,-1.67378051421e-16,-5.44992938202e-16,2.76137143373e-07,-1.38068571687e-07,-1.38068571687e-07,-1.32579829276e-19,-1.04738105955e-20,-1.80517196236e-20,0.0676304101944,0
14,14,14,0,8,0.0940317362547,-84.1021499634,42.0510749817,42.0510749817,1.37933786254e-15,2.40182467517e-15,-2.201118255e-15,-0.00169744959567,0.000848724797834,0.000848724797834,3.31995509441e-19,7.18119991105e-20,-2.84793537095e-20,0.938110351562,0,0.00679034739733,0.00563812255859,-0.0028190612793,-0.0028190612793,5.63226579293e-15,4.52106694333e-16,3.42730479635e-16,2.76020728052e-07,-1.38010364026e-07,-1.38010364026e-07,5.21339830803e-20,-2.05838927503e-21,-1.3827238765e-21,0.0675964951515,0
15,15,15,0,8,0.100820980966,-84.0965194702,42.0482597351,42.0482597351,7.41893793322e-16,2.08841314747e-15,-1.88836221376e-15,-0.00169717369135,0.000848586845677,0.000848586845677,3.00454548844e-19,3.82965430437e-20,-2.7271918134e-20,1.00567281246,0,0.0067892447114,0.00563049316406,-0.00281524658203,-0.00281524658203,-6.3744406922e-16,-3.13411527699e-16,3.12756041244e-16,2.7590431273e-07,-1.37952156365e-07,-1.37952156365e-07,-3.15409605966e-20,-3.35154560668e-20,1.20743557548e-21,0.0675624608994,0
16,16,16,0,8,0.107609122992,-84.0908813477,42.0454406738,42.0454406738,3.63658948189e-15,2.59972072149e-15,-2.02678019465e-15,-0.00169689801987,0.000848449009936,0.000848449009936,3.79773143351e-19,7.54315516395e-20,-4.59205925336e-20,1.07320153713,0,0.00678814202547,0.00563812255859,-0.0028190612793,-0.0028190612793,2.89469568857e-15,5.11307574022e-16,-1.38417980893e-16,2.75671482086e-07,-1.37835741043e-07,-1.37835741043e-07,7.9318594507e-20,3.71350085958e-20,-1.86486743995e-20,0.0675287246704,0
17,17,17,0,8,0.114396162331,-84.0852432251,42.0426216125,42.0426216125,5.93497219067e-16,1.70704338225e-15,-2.04975144032e-15,-0.00169662246481,0.000848311232403,0.000848311232403,3.27435338657e-19,4.16146569019e-20,-6.38507730517e-20,1.14069628716,0,0.00678703933954,0.00563812255859,-0.0028190612793,-0.0028190612793,-3.04309226283e-15,-8.92677339247e-16,-2.29712456707e-17,2.75555066764e-07,-1.37777533382e-07,-1.37777533382e-07,-5.23378046948e-20,-3.38168947376e-20,-1.79301805181e-20,0.0674947500229,0
18,18,18,0,8,0.121182106435,-84.0796127319,42.039806366,42.039806366,-1.09772297561e-15,2.42705991087e-15,-2.12160605257e-15,-0.00169634702615,0.000848173513077,0.000848173513077,3.2192737641e-19,3.61215288754e-20,-7.55710936363e-20,1.20815718174,0,0.00678594410419,0.00563049316406,-0.00281524658203,-0.00281524658203,-1.69122019468e-15,7.20016528622e-16,-7.18546122439e-17,2.75438651443e-07,-1.37719325721e-07,-1.37719325721e-07,-5.50796224665e-21,-5.49312802656e-21,-1.17203205847e-20,0.0674608945847,0
19,19,19,0,8,0.127966940403,-84.0739746094,42.0369873047,42.0369873047,-1.14939108542e-16,2.52331039548e-15,-1.78595791815e-15,-0.00169607182033,0.000848035910167,0.000848035910167,2.9307524475e-19,8.77530365386e-20,-6.79289170569e-20,1.27558422089,0,0.00678483396769,0.00563812255859,-0.0028190612793,-0.0028190612793,9.82783867069e-16,9.62504846138e-17,3.35648134415e-16,2.75205820799e-07,-1.37602910399e-07,-1.37602910399e-07,-2.88521316595e-20,5.16315076632e-20,7.64217657946e-21,0.0674270391464,0
20,20,20,0,8,0.134750679135,-84.0683364868,42.0341682434,42.0341682434,2.59622486266e-15,2.32337086232e-15,-1.46446134806e-15,-0.00169579673093,0.000847898365464,0.000847898365464,3.87074149631e-19,4.89405238359e-20,-6.3408275474e-20,1.3429775238,0,0.00678373873234,0.00563812255859,-0.0028190612793,-0.0028190612793,2.71116397121e-15,-1.99939533161e-16,3.21496570091e-16,2.75089405477e-07,-1.37544702739e-07,-1.37544702739e-07,9.39989048801e-20,-3.88125127027e-20,4.52064158292e-21,0.0673933029175,0
