Time_s,Cycle_Number,Phase_In_Cycle,U1_mm,EngStrain,RF1_N,Avg_S11_MPa,Avg_SDV1_p,Avg_SDV15_dp
0,0,0,0,0,0,0,0,0
0.001000000047,0.001000000047,0.001000000047,0.0001999999949,1.999999949e-05,16.79999924,4.199999809,0,0
0.002000000095,0.002000000095,0.002000000095,0.0003999999899,3.999999899e-05,33.59999847,8.399999619,0,0
0.003500000108,0.003500000108,0.003500000108,0.000699999975,6.99999975e-05,58.79999924,14.69999981,0,0
0.005750000011,0.005750000011,0.005750000011,0.001150000026,0.0001150000026,96.59999847,24.14999962,0,0
0.009124999866,0.009124999866,0.009124999866,0.001825000043,0.0001825000043,153.3000031,38.32500076,0,0
0.01418749988,0.01418749988,0.01418749988,0.002837500069,0.0002837500069,238.3500061,59.58750153,0,0
0.02178125083,0.02178125083,0.02178125083,0.004356250167,0.0004356250167,365.9249878,91.48124695,0,0
0.03317187354,0.03317187354,0.03317187354,0.00663437508,0.000663437508,557.2874756,139.3218689,0,0
0.05025781319,0.05025781319,0.05025781319,0.01005156245,0.001005156245,844.3312378,211.0828094,0,0
0.07025781274,0.07025781274,0.07025781274,0.01405156218,0.001405156218,1180.331299,295.0828247,0,0
0.09025781602,0.09025781602,0.09025781602,0.01805156283,0.001805156283,1516.331299,379.0828247,0,0
0.1102578118,0.1102578118,0.1102578118,0.02205156162,0.002205156162,1852.331299,463.0828247,0,0
0.1302578151,0.1302578151,0.1302578151,0.02605156228,0.002605156228,2110.129883,527.5324707,9.329173918e-05,9.329173918e-05
0.150257811,0.150257811,0.150257811,0.03005156294,0.003005156294,2211.630127,552.9075317,0.0003726552241,0.0002793634776
0.1702578068,0.1702578068,0.1702578068,0.03405156359,0.003405156359,2313.01416,578.25354,0.0006516132271,0.0002789579739
0.1902578175,0.1902578175,0.1902578175,0.03805156425,0.003805156425,2401.684082,600.4210205,0.000946312095,0.0002946988679
0.2102578133,0.2102578133,0.2102578133,0.04205156118,0.004205156118,2477.710449,619.4276123,0.001255864394,0.000309552328
0.2302578092,0.2302578092,0.2302578092,0.04605156183,0.004605156183,2542.030273,635.5075684,0.001579259406,0.0003233949828
0.2502578199,0.2502578199,0.2502578199,0.049948439,0.0049948439,2592.849854,648.2124634,0.001907991595,0.0003287321888
0.2702578008,0.2702578008,0.2702578008,0.04594843835,0.004594843835,2256.955811,564.2389526,0.001907991595,0
0.2902578115,0.2902578115,0.2902578115,0.04194843769,0.004194843769,1920.955811,480.2389526,0.001907991595,0
0.3102578223,0.3102578223,0.3102578223,0.03794843704,0.003794843704,1584.955811,396.2389526,0.001907991595,0
0.3302578032,0.3302578032,0.3302578032,0.03394843638,0.003394843638,1248.955811,312.2389526,0.001907991595,0
0.3502578139,0.3502578139,0.3502578139,0.02994843759,0.002994843759,912.9558105,228.2389526,0.001907991595,0
0.3702578247,0.3702578247,0.3702578247,0.02594843693,0.002594843693,576.9558105,144.2389526,0.001907991595,0
0.3902578056,0.3902578056,0.3902578056,0.02194843814,0.002194843814,240.9557953,60.23894882,0.001907991595,0
0.4102578163,0.4102578163,0.4102578163,0.01794843748,0.001794843748,-95.04419708,-23.76104927,0.001907991595,0
0.430257827,0.430257827,0.430257827,0.01394843776,0.001394843776,-431.0441895,-107.7610474,0.001907991595,0
0.450257808,0.450257808,0.450257808,0.009948437102,0.0009948437102,-767.0441895,-191.7610474,0.001907991595,0
0.4702578187,0.4702578187,0.4702578187,0.005948437378,0.0005948437378,-1103.044189,-275.7610474,0.001907991595,0
0.4902577996,0.4902577996,0.4902577996,0.001948437537,0.0001948437537,-1439.044189,-359.7610474,0.001907991595,0
0.5102578402,0.5102578402,0.5102578402,-0.002051562537,-0.0002051562537,-1671.994019,-417.9985046,0.002030926989,0.0001229354821
0.5302578211,0.5302578211,0.5302578211,-0.006051562726,-0.0006051562726,-1804.140381,-451.0350952,0.002273607999,0.0002426809078
0.550257802,0.550257802,0.550257802,-0.01005156245,-0.001005156245,-1952.11377,-488.0284424,0.002496807836,0.0002231999097
0.5702577829,0.5702577829,0.5702577829,-0.01405156218,-0.001405156218,-2081.710205,-520.4275513,0.002743309364,0.0002465014113
0.5902578235,0.5902578235,0.5902578235,-0.01805156283,-0.001805156283,-2198.168457,-549.5421143,0.003004692495,0.0002613833058
0.6102578044,0.6102578044,0.6102578044,-0.02205156162,-0.002205156162,-2301.148193,-575.2870483,0.003282053629,0.0002773609885
0.6302577853,0.6302577853,0.6302577853,-0.02605156228,-0.002605156228,-2391.126953,-597.7817383,0.003574916162,0.0002928625036
0.6502578259,0.6502578259,0.6502578259,-0.03005156294,-0.003005156294,-2468.622559,-617.1556396,0.003882646328,0.0003077301953
0.6702578068,0.6702578068,0.6702578068,-0.03405156359,-0.003405156359,-2534.404297,-633.6010742,0.004204314668,0.0003216683108
0.6902577877,0.6902577877,0.6902577877,-0.03805156425,-0.003805156425,-2589.457275,-647.3643188,0.004538747948,0.000334433571
0.7102578282,0.7102578282,0.7102578282,-0.04205156118,-0.004205156118,-2634.909424,-658.727356,0.004884607159,0.0003458590363
0.7302578092,0.7302578092,0.7302578092,-0.04605156183,-0.004605156183,-2671.958496,-667.989624,0.005240467843,0.0003558609169
0.7502577901,0.7502577901,0.7502577901,-0.049948439,-0.0049948439,-2698.999756,-674.749939,0.005597596522,0.000357128476
0.7702578306,0.7702578306,0.7702578306,-0.04594843835,-0.004594843835,-2363.113525,-590.7783813,0.005597596522,0
0.7902578115,0.7902578115,0.7902578115,-0.04194843769,-0.004194843769,-2027.113525,-506.7783813,0.005597596522,0
0.8102577925,0.8102577925,0.8102577925,-0.03794843704,-0.003794843704,-1691.113525,-422.7783813,0.005597596522,0
0.830257833,0.830257833,0.830257833,-0.03394843638,-0.003394843638,-1355.113525,-338.7783813,0.005597596522,0
0.8502578139,0.8502578139,0.8502578139,-0.02994843759,-0.002994843759,-1019.113525,-254.7783813,0.005597596522,0
0.8702577949,0.8702577949,0.8702577949,-0.02594843693,-0.002594843693,-683.1135254,-170.7783813,0.005597596522,0
0.8902578354,0.8902578354,0.8902578354,-0.02194843814,-0.002194843814,-347.1135559,-86.77838898,0.005597596522,0
0.9102578163,0.9102578163,0.9102578163,-0.01794843748,-0.001794843748,-11.11355114,-2.778387785,0.005597596522,0
0.9302577972,0.9302577972,0.9302577972,-0.01394843776,-0.001394843776,324.8864441,81.22161102,0.005597596522,0
0.9502578378,0.9502578378,0.9502578378,-0.009948437102,-0.0009948437102,660.8864746,165.2216187,0.005597596522,0
0.9702578187,0.9702578187,0.9702578187,-0.005948437378,-0.0005948437378,996.8864746,249.2216187,0.005597596522,0
0.9902577996,0.9902577996,0.9902577996,-0.001948437537,-0.0001948437537,1332.886475,333.2216187,0.005597596522,0
1.01025784,1.01025784,0.01025784016,0.002051562537,0.0002051562537,1586.212036,396.553009,0.005696224514,9.862786828e-05
1.030257821,1.030257821,0.03025782108,0.006051562726,0.0006051562726,1715.808472,428.9521179,0.005942048039,0.0002458236413
1.050257802,1.050257802,0.05025780201,0.01005156245,0.001005156245,1875.24939,468.8123474,0.006151854992,0.0002098068799
1.070257783,1.070257783,0.07025778294,0.01405156218,0.001405156218,2010.891846,502.7229614,0.006391023286,0.0002391682792
1.090257764,1.090257764,0.09025776386,0.01805156283,0.001805156283,2134.775879,533.6939697,0.006643354427,0.0002523312869
1.110257864,1.110257864,0.110257864,0.02205156162,0.002205156162,2245.197754,561.2994385,0.006911870092,0.000268515636
1.130257845,1.130257845,0.1302578449,0.02605156228,0.002605156228,2342.453613,585.6134033,0.007196091115,0.0002842207614
1.150257826,1.150257826,0.1502578259,0.03005156294,0.003005156294,2426.872559,606.7181396,0.007495586295,0.0002994952665
1.170257807,1.170257807,0.1702578068,0.03405156359,0.003405156359,2499.10376,624.7759399,0.007809579372,0.0003139930195
1.190257788,1.190257788,0.1902577877,0.03805156425,0.003805156425,2560.032471,640.0081177,0.008137020282,0.0003274409682
1.210257769,1.210257769,0.2102577686,0.04205156118,0.004205156118,2610.717041,652.6792603,0.008476652205,0.0003396319808
1.230257869,1.230257869,0.2302578688,0.04605156183,0.004605156183,2652.323242,663.0808105,0.008827088401,0.0003504364577
1.25025785,1.25025785,0.2502578497,0.049948439,0.0049948439,2683.231445,670.8078613,0.009179596789,0.0003525081265
1.270257831,1.270257831,0.2702578306,0.04594843835,0.004594843835,2347.34375,586.8359375,0.009179596789,0
1.290257812,1.290257812,0.2902578115,0.04194843769,0.004194843769,2011.34375,502.8359375,0.009179596789,0
1.310257792,1.310257792,0.3102577925,0.03794843704,0.003794843704,1675.34375,418.8359375,0.009179596789,0
1.330257773,1.330257773,0.3302577734,0.03394843638,0.003394843638,1339.34375,334.8359375,0.009179596789,0
1.350257754,1.350257754,0.3502577543,0.02994843759,0.002994843759,1003.34375,250.8359375,0.009179596789,0
1.370257854,1.370257854,0.3702578545,0.02594843693,0.002594843693,667.34375,166.8359375,0.009179596789,0
1.390257835,1.390257835,0.3902578354,0.02194843814,0.002194843814,331.3437805,82.83594513,0.009179596789,0
1.410257816,1.410257816,0.4102578163,0.01794843748,0.001794843748,-4.65622139,-1.164055347,0.009179596789,0
1.430257797,1.430257797,0.4302577972,0.01394843776,0.001394843776,-340.6562195,-85.16405487,0.009179596789,0
1.450257778,1.450257778,0.4502577782,0.009948437102,0.0009948437102,-676.65625,-169.1640625,0.009179596789,0
1.470257759,1.470257759,0.4702577591,0.005948437378,0.0005948437378,-1012.65625,-253.1640625,0.009179596789,0
1.490257859,1.490257859,0.4902578592,0.001948437537,0.0001948437537,-1348.65625,-337.1640625,0.009179596789,0
1.51025784,1.51025784,0.5102578402,-0.002051562537,-0.0002051562537,-1598.984131,-399.7460327,0.00928180106,0.0001022040451
1.530257821,1.530257821,0.5302578211,-0.006051562726,-0.0006051562726,-1729.102295,-432.2755737,0.00952698756,0.000245186442
1.550257802,1.550257802,0.550257802,-0.01005156245,-0.001005156245,-1886.851929,-471.7129822,0.009738821536,0.0002118341945
1.570257783,1.570257783,0.5702577829,-0.01405156218,-0.001405156218,-2021.610352,-505.4025879,0.00997901801,0.0002401961829
1.590257764,1.590257764,0.5902577639,-0.01805156283,-0.001805156283,-2144.396973,-536.0992432,0.01023267675,0.0002536591492
1.610257864,1.610257864,0.610257864,-0.02205156162,-0.002205156162,-2253.738037,-563.4345093,0.01050247811,0.0002698014141
1.630257845,1.630257845,0.6302578449,-0.02605156228,-0.002605156228,-2349.930664,-587.482666,0.01078796294,0.0002854849445
1.650257826,1.650257826,0.6502578259,-0.03005156294,-0.003005156294,-2433.331055,-608.3327637,0.01108867023,0.0003007067717
1.670257807,1.670257807,0.6702578068,-0.03405156359,-0.003405156359,-2504.60791,-626.1519775,0.01140379813,0.0003151285346
1.690257788,1.690257788,0.6902577877,-0.03805156425,-0.003805156425,-2564.662598,-641.1656494,0.01173227932,0.0003284811683
1.710257769,1.710257769,0.7102577686,-0.04205156118,-0.004205156118,-2614.564697,-653.6411743,0.01207284257,0.000340563216
1.730257869,1.730257869,0.7302578688,-0.04605156183,-0.004605156183,-2655.48584,-663.87146,0.0124240946,0.0003512518015
1.75025785,1.75025785,0.7502578497,-0.049948439,-0.0049948439,-2685.810059,-671.4525146,0.01277730055,0.00035320592
1.770257831,1.770257831,0.7702578306,-0.04594843835,-0.004594843835,-2349.922607,-587.4806519,0.01277730055,0
1.790257812,1.790257812,0.7902578115,-0.04194843769,-0.004194843769,-2013.922485,-503.4806213,0.01277730055,0
1.810257792,1.810257792,0.8102577925,-0.03794843704,-0.003794843704,-1677.922485,-419.4806213,0.01277730055,0
1.830257773,1.830257773,0.8302577734,-0.03394843638,-0.003394843638,-1341.922485,-335.4806213,0.01277730055,0
1.850257754,1.850257754,0.8502577543,-0.02994843759,-0.002994843759,-1005.922485,-251.4806213,0.01277730055,0
1.870257854,1.870257854,0.8702578545,-0.02594843693,-0.002594843693,-669.9224854,-167.4806213,0.01277730055,0
1.890257835,1.890257835,0.8902578354,-0.02194843814,-0.002194843814,-333.9225159,-83.48062897,0.01277730055,0
1.910257816,1.910257816,0.9102578163,-0.01794843748,-0.001794843748,2.077484846,0.5193712115,0.01277730055,0
1.930257797,1.930257797,0.9302577972,-0.01394843776,-0.001394843776,338.0774841,84.51937103,0.01277730055,0
1.950257778,1.950257778,0.9502577782,-0.009948437102,-0.0009948437102,674.0775146,168.5193787,0.01277730055,0
1.970257759,1.970257759,0.9702577591,-0.005948437378,-0.0005948437378,1010.077515,252.5193787,0.01277730055,0
1.990257859,1.990257859,0.9902578592,-0.001948437537,-0.0001948437537,1346.077515,336.5193787,0.01277730055,0
2.010257721,2.010257721,0.01025772095,0.002051562537,0.0002051562537,1597.098999,399.2747498,0.01287867688,0.0001013766159
2.030257702,2.030257702,0.03025770187,0.006051562726,0.0006051562726,1727.052612,431.7631531,0.01312406361,0.0002453861525
2.050257921,2.050257921,0.05025792122,0.01005156245,0.001005156245,1885.103882,471.2759705,0.0133355353,0.0002114719682
2.070257902,2.070257902,0.07025790215,0.01405156218,0.001405156218,2020.005859,505.0014648,0.01357556507,0.0002400299418
2.090257883,2.090257883,0.09025788307,0.01805156283,0.001805156283,2142.974365,535.7435913,0.01382900402,0.0002534385712
2.110257864,2.110257864,0.110257864,0.02205156162,0.002205156162,2252.494629,563.1236572,0.0140985921,0.0002695881994
2.130257845,2.130257845,0.1302578449,0.02605156228,0.002605156228,2348.863525,587.2158813,0.01438386738,0.0002852753969
2.150257826,2.150257826,0.1502578259,0.03005156294,0.003005156294,2432.432617,608.1081543,0.01468437351,0.0003005061299
2.170257807,2.170257807,0.1702578068,0.03405156359,0.003405156359,2503.867432,625.9668579,0.01499931421,0.0003149406402
2.190257788,2.190257788,0.1902577877,0.03805156425,0.003805156425,2564.06665,641.0166626,0.01532762311,0.0003283091646
2.210257769,2.210257769,0.2102577686,0.04205156118,0.004205156118,2614.0979,653.5244751,0.01566803269,0.0003404093441
2.23025775,2.23025775,0.2302577496,0.04605156183,0.004605156183,2655.132324,663.7830811,0.01601915061,0.0003511171963
2.25025773,2.25025773,0.2502577305,0.049948439,0.0049948439,2685.552734,671.3881836,0.01637224108,0.0003530908143
2.270257711,2.270257711,0.2702577114,0.04594843835,0.004594843835,2349.665283,587.4163208,0.01637224108,0
2.290257931,2.290257931,0.2902579308,0.04194843769,0.004194843769,2013.665283,503.4163208,0.01637224108,0
2.310257912,2.310257912,0.3102579117,0.03794843704,0.003794843704,1677.665283,419.4163208,0.01637224108,0
2.330257893,2.330257893,0.3302578926,0.03394843638,0.003394843638,1341.665283,335.4163208,0.01637224108,0
2.350257874,2.350257874,0.3502578735,0.02994843759,0.002994843759,1005.665283,251.4163208,0.01637224108,0
2.370257854,2.370257854,0.3702578545,0.02594843693,0.002594843693,669.6652832,167.4163208,0.01637224108,0
2.390257835,2.390257835,0.3902578354,0.02194843814,0.002194843814,333.6652527,83.41631317,0.01637224108,0
2.410257816,2.410257816,0.4102578163,0.01794843748,0.001794843748,-2.334737301,-0.5836843252,0.01637224108,0
2.430257797,2.430257797,0.4302577972,0.01394843776,0.001394843776,-338.3347473,-84.58368683,0.01637224108,0
2.450257778,2.450257778,0.4502577782,0.009948437102,0.0009948437102,-674.3347168,-168.5836792,0.01637224108,0
2.470257759,2.470257759,0.4702577591,0.005948437378,0.0005948437378,-1010.334717,-252.5836792,0.01637224108,0
2.49025774,2.49025774,0.49025774,0.001948437537,0.0001948437537,-1346.334717,-336.5836792,0.01637224108,0
2.510257721,2.510257721,0.5102577209,-0.002051562537,-0.0002051562537,-1597.483521,-399.3708801,0.01647346467,0.0001012247158
2.530257702,2.530257702,0.5302577019,-0.006051562726,-0.0006051562726,-1727.373535,-431.8433838,0.01671892777,0.0002454626374
2.550257921,2.550257921,0.5502579212,-0.01005156245,-0.001005156245,-1885.420166,-471.3550415,0.01693040505,0.0002114768431
2.570257902,2.570257902,0.5702579021,-0.01405156218,-0.001405156218,-2020.30542,-505.076355,0.01717045531,0.0002400503436
2.590257883,2.590257883,0.5902578831,-0.01805156283,-0.001805156283,-2143.257812,-535.8144531,0.01742391288,0.0002534577216
2.610257864,2.610257864,0.610257864,-0.02205156162,-0.002205156162,-2252.761963,-563.1904907,0.01769351959,0.0002696072625
2.630257845,2.630257845,0.6302578449,-0.02605156228,-0.002605156228,-2349.115234,-587.2788086,0.0179788135,0.0002852940524
2.650257826,2.650257826,0.6502578259,-0.03005156294,-0.003005156294,-2432.669189,-608.1672974,0.01827933826,0.0003005239996
2.670257807,2.670257807,0.6702578068,-0.03405156359,-0.003405156359,-2504.090088,-626.022522,0.01859429479,0.0003149573749
2.690257788,2.690257788,0.6902577877,-0.03805156425,-0.003805156425,-2564.276367,-641.0690918,0.01892261952,0.0003283245023
2.710257769,2.710257769,0.7102577686,-0.04205156118,-0.004205156118,-2614.296143,-653.5740356,0.019263044,0.0003404230811
2.73025775,2.73025775,0.7302577496,-0.04605156183,-0.004605156183,-2655.320312,-663.8300781,0.0196141731,0.000351129187
2.75025773,2.75025773,0.7502577305,-0.049948439,-0.0049948439,-2685.732178,-671.4330444,0.01996727288,0.000353101088
2.770257711,2.770257711,0.7702577114,-0.04594843835,-0.004594843835,-2349.844727,-587.4611816,0.01996727288,0
2.790257931,2.790257931,0.7902579308,-0.04194843769,-0.004194843769,-2013.844727,-503.4611816,0.01996727288,0
2.810257912,2.810257912,0.8102579117,-0.03794843704,-0.003794843704,-1677.844727,-419.4611816,0.01996727288,0
2.830257893,2.830257893,0.8302578926,-0.03394843638,-0.003394843638,-1341.844727,-335.4611816,0.01996727288,0
2.850257874,2.850257874,0.8502578735,-0.02994843759,-0.002994843759,-1005.844727,-251.4611816,0.01996727288,0
2.870257854,2.870257854,0.8702578545,-0.02594843693,-0.002594843693,-669.8447266,-167.4611816,0.01996727288,0
2.890257835,2.890257835,0.8902578354,-0.02194843814,-0.002194843814,-333.844696,-83.46117401,0.01996727288,0
2.910257816,2.910257816,0.9102578163,-0.01794843748,-0.001794843748,2.155303478,0.5388258696,0.01996727288,0
2.930257797,2.930257797,0.9302577972,-0.01394843776,-0.001394843776,338.155304,84.53882599,0.01996727288,0
2.950257778,2.950257778,0.9502577782,-0.009948437102,-0.0009948437102,674.1552734,168.5388184,0.01996727288,0
2.970257759,2.970257759,0.9702577591,-0.005948437378,-0.0005948437378,1010.155273,252.5388184,0.01996727288,0
2.99025774,2.99025774,0.99025774,-0.001948437537,-0.0001948437537,1346.155273,336.5388184,0.01996727288,0
3.010257721,3.010257721,0.01025772095,0.002051562537,0.0002051562537,1597.518677,399.3796692,0.02006824315,0.0001009687403
3.030257702,3.030257702,0.03025770187,0.006051562726,0.0006051562726,1727.329346,431.8323364,0.02031380124,0.0002455583599
3.050257921,3.050257921,0.05025792122,0.01005156245,0.001005156245,1885.418701,471.3546753,0.02052522637,0.0002114250528
3.070257902,3.070257902,0.07025790215,0.01405156218,0.001405156218,2020.311768,505.0779419,0.02076526731,0.0002400420926
3.090257883,3.090257883,0.09025788307,0.01805156283,0.001805156283,2143.27832,535.8195801,0.02101870812,0.00025343991
3.110257864,3.110257864,0.110257864,0.02205156162,0.002205156162,2252.796387,563.1990967,0.02128829807,0.0002695905569
3.130257845,3.130257845,0.1302578449,0.02605156228,0.002605156228,2349.163574,587.2908936,0.02157357521,0.0002852775797
3.150257826,3.150257826,0.1502578259,0.03005156294,0.003005156294,2432.730957,608.1827393,0.02187408321,0.0003005082253
3.170257807,3.170257807,0.1702578068,0.03405156359,0.003405156359,2504.164062,626.0410156,0.0221890267,0.0003149426193
3.190257788,3.190257788,0.1902577877,0.03805156425,0.003805156425,2564.361816,641.0904541,0.0225173384,0.0003283109691
3.210257769,3.210257769,0.2102577686,0.04205156118,0.004205156118,2614.391602,653.5979004,0.02285774797,0.0003404109739
3.23025775,3.23025775,0.2302577496,0.04605156183,0.004605156183,2655.424805,663.8562012,0.02320886776,0.0003511186223
3.25025773,3.25025773,0.2502577305,0.049948439,0.0049948439,2685.844238,671.4610596,0.02356196009,0.0003530920367
3.270257711,3.270257711,0.2702577114,0.04594843835,0.004594843835,2349.956787,587.4891968,0.02356196009,0
3.290257931,3.290257931,0.2902579308,0.04194843769,0.004194843769,2013.956787,503.4891968,0.02356196009,0
3.310257912,3.310257912,0.3102579117,0.03794843704,0.003794843704,1677.956787,419.4891968,0.02356196009,0
3.330257893,3.330257893,0.3302578926,0.03394843638,0.003394843638,1341.956787,335.4891968,0.02356196009,0
3.350257874,3.350257874,0.3502578735,0.02994843759,0.002994843759,1005.956787,251.4891968,0.02356196009,0
3.370257854,3.370257854,0.3702578545,0.02594843693,0.002594843693,669.9567871,167.4891968,0.02356196009,0
3.390257835,3.390257835,0.3902578354,0.02194843814,0.002194843814,333.9567871,83.48919678,0.02356196009,0
3.410257816,3.410257816,0.4102578163,0.01794843748,0.001794843748,-2.043215513,-0.5108038783,0.02356196009,0
3.430257797,3.430257797,0.4302577972,0.01394843776,0.001394843776,-338.0432129,-84.51080322,0.02356196009,0
3.450257778,3.450257778,0.4502577782,0.009948437102,0.0009948437102,-674.0432129,-168.5108032,0.02356196009,0
3.470257759,3.470257759,0.4702577591,0.005948437378,0.0005948437378,-1010.043213,-252.5108032,0.02356196009,0
3.49025774,3.49025774,0.49025774,0.001948437537,0.0001948437537,-1346.043213,-336.5108032,0.02356196009,0
3.510257721,3.510257721,0.5102577209,-0.002051562537,-0.0002051562537,-1597.607666,-399.4019165,0.02366268821,0.0001007288811
3.530257702,3.530257702,0.5302577019,-0.006051562726,-0.0006051562726,-1727.341431,-431.8353577,0.02390833944,0.0002456511429
3.550257921,3.550257921,0.5502579212,-0.01005156245,-0.001005156245,-1885.466064,-471.3665161,0.02411972173,0.0002113819937
3.570257902,3.570257902,0.5702579021,-0.01405156218,-0.001405156218,-2020.363159,-505.0907898,0.02435975894,0.0002400382509
3.590257883,3.590257883,0.5902578831,-0.01805156283,-0.001805156283,-2143.339355,-535.8348389,0.02461318672,0.0002534278319
3.610257864,3.610257864,0.610257864,-0.02205156162,-0.002205156162,-2252.866943,-563.2167358,0.02488276735,0.0002695793519
3.630257845,3.630257845,0.6302578449,-0.02605156228,-0.002605156228,-2349.243164,-587.310791,0.02516803332,0.0002852665202
3.650257826,3.650257826,0.6502578259,-0.03005156294,-0.003005156294,-2432.81958,-608.204895,0.02546853013,0.0003004976606
3.670257807,3.670257807,0.6702578068,-0.03405156359,-0.003405156359,-2504.260986,-626.0652466,0.02578346431,0.0003149326949
3.690257788,3.690257788,0.6902577877,-0.03805156425,-0.003805156425,-2564.466309,-641.1165771,0.02611176483,0.0003283019178
3.710257769,3.710257769,0.7102577686,-0.04205156118,-0.004205156118,-2614.503174,-653.6257935,0.02645216882,0.0003404028539
3.73025775,3.73025775,0.7302577496,-0.04605156183,-0.004605156183,-2655.542236,-663.8855591,0.0268032793,0.000351111521
3.75025773,3.75025773,0.7502577305,-0.049948439,-0.0049948439,-2685.966797,-671.4916992,0.02715636604,0.000353085954
3.770257711,3.770257711,0.7702577114,-0.04594843835,-0.004594843835,-2350.079102,-587.5197754,0.02715636604,0
3.790257931,3.790257931,0.7902579308,-0.04194843769,-0.004194843769,-2014.079224,-503.5198059,0.02715636604,0
3.810257912,3.810257912,0.8102579117,-0.03794843704,-0.003794843704,-1678.079224,-419.5198059,0.02715636604,0
3.830257893,3.830257893,0.8302578926,-0.03394843638,-0.003394843638,-1342.079224,-335.5198059,0.02715636604,0
3.850257874,3.850257874,0.8502578735,-0.02994843759,-0.002994843759,-1006.079224,-251.5198059,0.02715636604,0
3.870257854,3.870257854,0.8702578545,-0.02594843693,-0.002594843693,-670.0792236,-167.5198059,0.02715636604,0
3.890257835,3.890257835,0.8902578354,-0.02194843814,-0.002194843814,-334.0792236,-83.51980591,0.02715636604,0
3.910257816,3.910257816,0.9102578163,-0.01794843748,-0.001794843748,1.920791268,0.4801978171,0.02715636604,0
3.930257797,3.930257797,0.9302577972,-0.01394843776,-0.001394843776,337.9207764,84.48019409,0.02715636604,0
3.950257778,3.950257778,0.9502577782,-0.009948437102,-0.0009948437102,673.9207764,168.4801941,0.02715636604,0
3.970257759,3.970257759,0.9702577591,-0.005948437378,-0.0005948437378,1009.920776,252.4801941,0.02715636604,0
3.99025774,3.99025774,0.99025774,-0.001948437537,-0.0001948437537,1345.920776,336.4801941,0.02715636604,0
4.010257721,4.010257721,0.01025772095,0.002051562537,0.0002051562537,1597.688354,399.4220886,0.02725685202,0.0001004866062
4.030257702,4.030257702,0.03025770187,0.006051562726,0.0006051562726,1727.344727,431.8361816,0.02750259638,0.0002457444207
4.050257683,4.050257683,0.0502576828,0.01005156245,0.001005156245,1885.505859,471.3764648,0.02771393396,0.0002113375667
4.070257664,4.070257664,0.07025766373,0.01405156218,0.001405156218,2020.407715,505.1019287,0.02795396745,0.0002400337544
4.090257645,4.090257645,0.09025764465,0.01805156283,0.001805156283,2143.394043,535.8485107,0.02820738219,0.0002534148516
4.110257626,4.110257626,0.1102576256,0.02205156162,0.002205156162,2252.931641,563.2329102,0.02847694978,0.000269567332
4.130257607,4.130257607,0.1302576065,0.02605156228,0.002605156228,2349.318115,587.3295288,0.02876220457,0.0002852546168
4.150257587,4.150257587,0.1502575874,0.03005156294,0.003005156294,2432.904053,608.2260132,0.02906269208,0.0003004862519
4.170258045,4.170258045,0.1702580452,0.03405156359,0.003405156359,2504.354492,626.088623,0.02937761322,0.0003149220429
4.190258026,4.190258026,0.1902580261,0.03805156425,0.003805156425,2564.567871,641.1419678,0.02970590629,0.0003282921389
4.210258007,4.210258007,0.210258007,0.04205156118,0.004205156118,2614.612061,653.6530151,0.0300462991,0.0003403941228
4.230257988,4.230257988,0.230257988,0.04605156183,0.004605156183,2655.657471,663.9143677,0.03039740399,0.0003511038667
4.250257969,4.250257969,0.2502579689,0.049948439,0.0049948439,2686.087402,671.5218506,0.03075048327,0.0003530794056
4.27025795,4.27025795,0.2702579498,0.04594843835,0.004594843835,2350.199951,587.5499878,0.03075048327,0
4.290257931,4.290257931,0.2902579308,0.04194843769,0.004194843769,2014.199951,503.5499878,0.03075048327,0
4.310257912,4.310257912,0.3102579117,0.03794843704,0.003794843704,1678.199951,419.5499878,0.03075048327,0
4.330257893,4.330257893,0.3302578926,0.03394843638,0.003394843638,1342.199951,335.5499878,0.03075048327,0
4.350257874,4.350257874,0.3502578735,0.02994843759,0.002994843759,1006.200012,251.5500031,0.03075048327,0
4.370257854,4.370257854,0.3702578545,0.02594843693,0.002594843693,670.2000122,167.5500031,0.03075048327,0
4.390257835,4.390257835,0.3902578354,0.02194843814,0.002194843814,334.1999817,83.54999542,0.03075048327,0
4.410257816,4.410257816,0.4102578163,0.01794843748,0.001794843748,-1.800004601,-0.4500011504,0.03075048327,0
4.430257797,4.430257797,0.4302577972,0.01394843776,0.001394843776,-337.8000183,-84.45000458,0.03075048327,0
4.450257778,4.450257778,0.4502577782,0.009948437102,0.0009948437102,-673.7999878,-168.4499969,0.03075048327,0
4.470257759,4.470257759,0.4702577591,0.005948437378,0.0005948437378,-1009.799988,-252.4499969,0.03075048327,0
4.49025774,4.49025774,0.49025774,0.001948437537,0.0001948437537,-1345.800049,-336.4500122,0.03075048327,0
4.510257721,4.510257721,0.5102577209,-0.002051562537,-0.0002051562537,-1597.770264,-399.4425659,0.03085072711,0.0001002447825
4.530257702,4.530257702,0.5302577019,-0.006051562726,-0.0006051562726,-1727.349365,-431.8373413,0.03109656461,0.0002458376403
4.550257683,4.550257683,0.5502576828,-0.01005156245,-0.001005156245,-1885.546875,-471.3867188,0.03130785748,0.0002112933289
4.570257664,4.570257664,0.5702576637,-0.01405156218,-0.001405156218,-2020.453125,-505.1132812,0.03154788911,0.0002400293597
4.590257645,4.590257645,0.5902576447,-0.01805156283,-0.001805156283,-2143.449707,-535.8624268,0.03180129081,0.0002534020168
4.610257626,4.610257626,0.6102576256,-0.02205156162,-0.002205156162,-2252.997314,-563.2493286,0.03207084537,0.0002695554285
4.630257607,4.630257607,0.6302576065,-0.02605156228,-0.002605156228,-2349.393555,-587.3483887,0.03235608712,0.0002852428588
4.650257587,4.650257587,0.6502575874,-0.03005156294,-0.003005156294,-2432.989014,-608.2472534,0.03265656158,0.0003004750179
4.670258045,4.670258045,0.6702580452,-0.03405156359,-0.003405156359,-2504.448242,-626.1120605,0.03297147527,0.0003149115073
4.690258026,4.690258026,0.6902580261,-0.03805156425,-0.003805156425,-2564.669922,-641.1674805,0.03329975903,0.0003282825055
4.710258007,4.710258007,0.710258007,-0.04205156118,-0.004205156118,-2614.721191,-653.6802979,0.03364014253,0.0003403854789
4.730257988,4.730257988,0.730257988,-0.04605156183,-0.004605156183,-2655.773193,-663.9432983,0.03399123996,0.0003510963288
4.750257969,4.750257969,0.7502579689,-0.049948439,-0.0049948439,-2686.208496,-671.552124,0.0343443118,0.0003530729446
4.77025795,4.77025795,0.7702579498,-0.04594843835,-0.004594843835,-2350.321045,-587.5802612,0.0343443118,0
4.790257931,4.790257931,0.7902579308,-0.04194843769,-0.004194843769,-2014.321045,-503.5802612,0.0343443118,0
4.810257912,4.810257912,0.8102579117,-0.03794843704,-0.003794843704,-1678.321045,-419.5802612,0.0343443118,0
4.830257893,4.830257893,0.8302578926,-0.03394843638,-0.003394843638,-1342.321045,-335.5802612,0.0343443118,0
4.850257874,4.850257874,0.8502578735,-0.02994843759,-0.002994843759,-1006.320984,-251.580246,0.0343443118,0
4.870257854,4.870257854,0.8702578545,-0.02594843693,-0.002594843693,-670.3209839,-167.580246,0.0343443118,0
4.890257835,4.890257835,0.8902578354,-0.02194843814,-0.002194843814,-334.3209839,-83.58024597,0.0343443118,0
4.910257816,4.910257816,0.9102578163,-0.01794843748,-0.001794843748,1.679009318,0.4197523296,0.0343443118,0
4.930257797,4.930257797,0.9302577972,-0.01394843776,-0.001394843776,337.6790161,84.41975403,0.0343443118,0
4.950257778,4.950257778,0.9502577782,-0.009948437102,-0.0009948437102,673.6790161,168.419754,0.0343443118,0
4.970257759,4.970257759,0.9702577591,-0.005948437378,-0.0005948437378,1009.679016,252.419754,0.0343443118,0
4.99025774,4.99025774,0.99025774,-0.001948437537,-0.0001948437537,1345.678955,336.4197388,0.0343443118,0
5.010257721,5.010257721,0.01025772095,0.002051562537,0.0002051562537,1597.851929,399.4629822,0.0344443135,0.0001000029588
5.030257702,5.030257702,0.03025770187,0.006051562726,0.0006051562726,1727.35376,431.8384399,0.03469024599,0.000245930918
5.050257683,5.050257683,0.0502576828,0.01005156245,0.001005156245,1885.587646,471.3969116,0.03490149602,0.0002112490474
5.070257664,5.070257664,0.07025766373,0.01405156218,0.001405156218,2020.498413,505.1246033,0.0351415202,0.000240024965
5.090257645,5.090257645,0.09025764465,0.01805156283,0.001805156283,2143.505127,535.8762817,0.03539491072,0.0002533891529
5.110257626,5.110257626,0.1102576256,0.02205156162,0.002205156162,2253.062744,563.265686,0.0356644541,0.000269543496
5.130257607,5.130257607,0.1302576065,0.02605156228,0.002605156228,2349.468994,587.3672485,0.03594968468,0.0002852310718
5.150257587,5.150257587,0.1502575874,0.03005156294,0.003005156294,2433.073975,608.2684937,0.03625014797,0.0003004637256
5.170258045,5.170258045,0.1702580452,0.03405156359,0.003405156359,2504.541992,626.135498,0.03656504676,0.0003149009426
5.190258026,5.190258026,0.1902580261,0.03805156425,0.003805156425,2564.771729,641.1929321,0.03689331934,0.000328272843
5.210258007,5.210258007,0.210258007,0.04205156118,0.004205156118,2614.830322,653.7075806,0.03723369911,0.0003403768351
5.230257988,5.230257988,0.230257988,0.04605156183,0.004605156183,2655.888672,663.972168,0.03758478537,0.0003510887618
5.250257969,5.250257969,0.2502579689,0.049948439,0.0049948439,2686.329346,671.5823364,0.03793785349,0.0003530664835
5.27025795,5.27025795,0.2702579498,0.04594843835,0.004594843835,2350.441895,587.6104736,0.03793785349,0
5.290257931,5.290257931,0.2902579308,0.04194843769,0.004194843769,2014.441895,503.6104736,0.03793785349,0
5.310257912,5.310257912,0.3102579117,0.03794843704,0.003794843704,1678.441895,419.6104736,0.03793785349,0
5.330257893,5.330257893,0.3302578926,0.03394843638,0.003394843638,1342.441895,335.6104736,0.03793785349,0
5.350257874,5.350257874,0.3502578735,0.02994843759,0.002994843759,1006.441895,251.6104736,0.03793785349,0
5.370257854,5.370257854,0.3702578545,0.02594843693,0.002594843693,670.4418945,167.6104736,0.03793785349,0
5.390257835,5.390257835,0.3902578354,0.02194843814,0.002194843814,334.441925,83.61048126,0.03793785349,0
5.410257816,5.410257816,0.4102578163,0.01794843748,0.001794843748,-1.55809021,-0.3895225525,0.03793785349,0
5.430257797,5.430257797,0.4302577972,0.01394843776,0.001394843776,-337.558075,-84.38951874,0.03793785349,0
5.450257778,5.450257778,0.4502577782,0.009948437102,0.0009948437102,-673.5581055,-168.3895264,0.03793785349,0
5.470257759,5.470257759,0.4702577591,0.005948437378,0.0005948437378,-1009.558105,-252.3895264,0.03793785349,0
5.49025774,5.49025774,0.49025774,0.001948437537,0.0001948437537,-1345.558105,-336.3895264,0.03793785349,0
5.510257721,5.510257721,0.5102577209,-0.002051562537,-0.0002051562537,-1597.933716,-399.483429,0.03803761303,9.976120782e-05
5.530257702,5.530257702,0.5302577019,-0.006051562726,-0.0006051562726,-1727.358032,-431.8395081,0.03828363866,0.0002460241958
5.550257683,5.550257683,0.5502576828,-0.01005156245,-0.001005156245,-1885.628418,-471.4071045,0.03849484399,0.0002112047368
5.570257664,5.570257664,0.5702576637,-0.01405156218,-0.001405156218,-2020.543701,-505.1359253,0.03873486444,0.0002400205849
5.590257645,5.590257645,0.5902576447,-0.01805156283,-0.001805156283,-2143.560547,-535.8901367,0.03898824006,0.000253376289
5.610257626,5.610257626,0.6102576256,-0.02205156162,-0.002205156162,-2253.128174,-563.2820435,0.03925777227,0.0002695315634
5.630257607,5.630257607,0.6302576065,-0.02605156228,-0.002605156228,-2349.544434,-587.3861084,0.03954299167,0.0002852193138
5.650257587,5.650257587,0.6502575874,-0.03005156294,-0.003005156294,-2433.158691,-608.2896729,0.03984344378,0.0003004524624
5.670258045,5.670258045,0.6702580452,-0.03405156359,-0.003405156359,-2504.635742,-626.1589355,0.04015833512,0.0003148903779
5.690258026,5.690258026,0.6902580261,-0.03805156425,-0.003805156425,-2564.873535,-641.2183838,0.04048659652,0.0003282631806
5.710258007,5.710258007,0.710258007,-0.04205156118,-0.004205156118,-2614.939453,-653.7348633,0.04082696512,0.0003403681912
5.730257988,5.730257988,0.730257988,-0.04605156183,-0.004605156183,-2656.00415,-664.0010376,0.04117804766,0.0003510811948
5.750257969,5.750257969,0.7502579689,-0.049948439,-0.0049948439,-2686.450439,-671.6126099,0.04153110832,0.0003530600225
5.77025795,5.77025795,0.7702579498,-0.04594843835,-0.004594843835,-2350.562744,-587.640686,0.04153110832,0
5.790257931,5.790257931,0.7902579308,-0.04194843769,-0.004194843769,-2014.562744,-503.640686,0.04153110832,0
5.810257912,5.810257912,0.8102579117,-0.03794843704,-0.003794843704,-1678.562744,-419.640686,0.04153110832,0
5.830257893,5.830257893,0.8302578926,-0.03394843638,-0.003394843638,-1342.562744,-335.640686,0.04153110832,0
5.850257874,5.850257874,0.8502578735,-0.02994843759,-0.002994843759,-1006.562805,-251.6407013,0.04153110832,0
5.870257854,5.870257854,0.8702578545,-0.02594843693,-0.002594843693,-670.5628052,-167.6407013,0.04153110832,0
5.890257835,5.890257835,0.8902578354,-0.02194843814,-0.002194843814,-334.5628052,-83.64070129,0.04153110832,0
5.910257816,5.910257816,0.9102578163,-0.01794843748,-0.001794843748,1.437203169,0.3593007922,0.04153110832,0
5.930257797,5.930257797,0.9302577972,-0.01394843776,-0.001394843776,337.4371948,84.35929871,0.04153110832,0
5.950257778,5.950257778,0.9502577782,-0.009948437102,-0.0009948437102,673.4371948,168.3592987,0.04153110832,0
5.970257759,5.970257759,0.9702577591,-0.005948437378,-0.0005948437378,1009.437195,252.3592987,0.04153110832,0
5.99025774,5.99025774,0.99025774,-0.001948437537,-0.0001948437537,1345.437256,336.359314,0.04153110832,0
6.010257721,6.010257721,0.01025772095,0.002051562537,0.0002051562537,1598.015381,399.5038452,0.04163062572,9.951952961e-05
6.030257702,6.030257702,0.03025770187,0.006051562726,0.0006051562726,1727.362427,431.8406067,0.04187674448,0.0002461175318
6.050257683,6.050257683,0.0502576828,0.01005156245,0.001005156245,1885.669189,471.4172974,0.04208790511,0.0002111604263
6.070257664,6.070257664,0.07025766373,0.01405156218,0.001405156218,2020.588989,505.1472473,0.04232792184,0.0002400162048
6.090257645,6.090257645,0.09025764465,0.01805156283,0.001805156283,2143.615967,535.9039917,0.04258128256,0.0002533634542
6.110257626,6.110257626,0.1102576256,0.02205156162,0.002205156162,2253.193604,563.2984009,0.04285080358,0.0002695196599
6.130257607,6.130257607,0.1302576065,0.02605156228,0.002605156228,2349.619873,587.4049683,0.04313601181,0.0002852075268
6.150257587,6.150257587,0.1502575874,0.03005156294,0.003005156294,2433.243652,608.3109131,0.04343645275,0.0003004411701
6.170258045,6.170258045,0.1702580452,0.03405156359,0.003405156359,2504.729492,626.182373,0.04375133291,0.0003148798423
6.190258026,6.190258026,0.1902580261,0.03805156425,0.003805156425,2564.975342,641.2438354,0.04407958686,0.0003282535181
6.210258007,6.210258007,0.210258007,0.04205156118,0.004205156118,2615.048584,653.762146,0.04441994429,0.0003403595474
6.230257988,6.230257988,0.230257988,0.04605156183,0.004605156183,2656.119629,664.0299072,0.04477101937,0.0003510736278
6.250257969,6.250257969,0.2502579689,0.049948439,0.0049948439,2686.571289,671.6428223,0.04512407258,0.0003530535323
6.27025795,6.27025795,0.2702579498,0.04594843835,0.004594843835,2350.683594,587.6708984,0.04512407258,0
6.290257931,6.290257931,0.2902579308,0.04194843769,0.004194843769,2014.683594,503.6708984,0.04512407258,0
6.310257912,6.310257912,0.3102579117,0.03794843704,0.003794843704,1678.683594,419.6708984,0.04512407258,0
6.330257893,6.330257893,0.3302578926,0.03394843638,0.003394843638,1342.683594,335.6708984,0.04512407258,0
6.350257874,6.350257874,0.3502578735,0.02994843759,0.002994843759,1006.683655,251.6709137,0.04512407258,0
6.370257854,6.370257854,0.3702578545,0.02594843693,0.002594843693,670.6836548,167.6709137,0.04512407258,0
6.390257835,6.390257835,0.3902578354,0.02194843814,0.002194843814,334.6836548,83.6709137,0.04512407258,0
6.410257816,6.410257816,0.4102578163,0.01794843748,0.001794843748,-1.316355228,-0.3290888071,0.04512407258,0
6.430257797,6.430257797,0.4302577972,0.01394843776,0.001394843776,-337.3163452,-84.3290863,0.04512407258,0
6.450257778,6.450257778,0.4502577782,0.009948437102,0.0009948437102,-673.3163452,-168.3290863,0.04512407258,0
6.470257759,6.470257759,0.4702577591,0.005948437378,0.0005948437378,-1009.316345,-252.3290863,0.04512407258,0
6.49025774,6.49025774,0.49025774,0.001948437537,0.0001948437537,-1345.316406,-336.3291016,0.04512407258,0
6.510257721,6.510257721,0.5102577209,-0.002051562537,-0.0002051562537,-1598.097046,-399.5242615,0.04522335157,9.927790234e-05
6.530257702,6.530257702,0.5302577019,-0.006051562726,-0.0006051562726,-1727.366699,-431.8416748,0.04546955973,0.0002462108678
6.550257683,6.550257683,0.5502576828,-0.01005156245,-0.001005156245,-1885.709839,-471.4274597,0.04568067566,0.0002111160866
6.570257664,6.570257664,0.5702576637,-0.01405156218,-0.001405156218,-2020.634155,-505.1585388,0.04592068866,0.0002400118392
6.590257645,6.590257645,0.5902576447,-0.01805156283,-0.001805156283,-2143.671387,-535.9178467,0.0461740382,0.0002533505904
6.610257626,6.610257626,0.6102576256,-0.02205156162,-0.002205156162,-2253.259033,-563.3147583,0.04644354805,0.0002695077565
6.630257607,6.630257607,0.6302576065,-0.02605156228,-0.002605156228,-2349.695068,-587.4237671,0.04672874138,0.0002851957397
6.650257587,6.650257587,0.6502575874,-0.03005156294,-0.003005156294,-2433.328369,-608.3320923,0.04702917114,0.0003004299069
6.670258045,6.670258045,0.6702580452,-0.03405156359,-0.003405156359,-2504.822998,-626.2057495,0.04734404385,0.0003148692776
6.690258026,6.690258026,0.6902580261,-0.03805156425,-0.003805156425,-2565.077148,-641.2692871,0.04767228663,0.0003282438556
6.710258007,6.710258007,0.710258007,-0.04205156118,-0.004205156118,-2615.157715,-653.7894287,0.0480126366,0.0003403509036
6.730257988,6.730257988,0.730257988,-0.04605156183,-0.004605156183,-2656.234863,-664.0587158,0.04836370423,0.0003510660608
6.750257969,6.750257969,0.7502579689,-0.049948439,-0.0049948439,-2686.691895,-671.6729736,0.04871675,0.0003530470713
6.77025795,6.77025795,0.7702579498,-0.04594843835,-0.004594843835,-2350.804443,-587.7011108,0.04871675,0
6.790257931,6.790257931,0.7902579308,-0.04194843769,-0.004194843769,-2014.804443,-503.7011108,0.04871675,0
6.810257912,6.810257912,0.8102579117,-0.03794843704,-0.003794843704,-1678.804443,-419.7011108,0.04871675,0
6.830257893,6.830257893,0.8302578926,-0.03394843638,-0.003394843638,-1342.804443,-335.7011108,0.04871675,0
6.850257874,6.850257874,0.8502578735,-0.02994843759,-0.002994843759,-1006.804443,-251.7011108,0.04871675,0
6.870257854,6.870257854,0.8702578545,-0.02594843693,-0.002594843693,-670.8044434,-167.7011108,0.04871675,0
6.890257835,6.890257835,0.8902578354,-0.02194843814,-0.002194843814,-334.8044434,-83.70111084,0.04871675,0
6.910257816,6.910257816,0.9102578163,-0.01794843748,-0.001794843748,1.195545077,0.2988862693,0.04871675,0
6.930257797,6.930257797,0.9302577972,-0.01394843776,-0.001394843776,337.1955566,84.29888916,0.04871675,0
6.950257778,6.950257778,0.9502577782,-0.009948437102,-0.0009948437102,673.1955566,168.2988892,0.04871675,0
6.970257759,6.970257759,0.9702577591,-0.005948437378,-0.0005948437378,1009.195557,252.2988892,0.04871675,0
6.99025774,6.99025774,0.99025774,-0.001948437537,-0.0001948437537,1345.195557,336.2988892,0.04871675,0
7.010257721,7.010257721,0.01025772095,0.002051562537,0.0002051562537,1598.178711,399.5446777,0.04881578684,9.903634782e-05
7.030257702,7.030257702,0.03025770187,0.006051562726,0.0006051562726,1727.370972,431.8427429,0.04906209186,0.000246304262
7.050257683,7.050257683,0.0502576828,0.01005156245,0.001005156245,1885.750488,471.4376221,0.04927316308,0.0002110717469
7.070257664,7.070257664,0.07025766373,0.01405156218,0.001405156218,2020.679443,505.1698608,0.04951316863,0.0002400074882
7.090257645,7.090257645,0.09025764465,0.01805156283,0.001805156283,2143.726807,535.9317017,0.049766507,0.0002533377265
7.110257626,7.110257626,0.1102576256,0.02205156162,0.002205156162,2253.324219,563.3310547,0.05003600195,0.0002694958239
7.130257607,7.130257607,0.1302576065,0.02605156228,0.002605156228,2349.770264,587.4425659,0.05032118782,0.0002851839818
7.150257587,7.150257587,0.1502575874,0.03005156294,0.003005156294,2433.413086,608.3532715,0.05062160641,0.0003004186437
7.170258045,7.170258045,0.1702580452,0.03405156359,0.003405156359,2504.916748,626.229187,0.05093646422,0.000314858713
7.190258026,7.190258026,0.1902580261,0.03805156425,0.003805156425,2565.178955,641.2947388,0.05126469955,0.0003282341931
7.210258007,7.210258007,0.210258007,0.04205156118,0.004205156118,2615.266602,653.8166504,0.05160504207,0.0003403422597
7.230257988,7.230257988,0.230257988,0.04605156183,0.004605156183,2656.350342,664.0875854,0.05195609853,0.0003510584938
7.250257969,7.250257969,0.2502579689,0.049948439,0.0049948439,2686.812744,671.703186,0.05230914056,0.0003530406102
7.27025795,7.27025795,0.2702579498,0.04594843835,0.004594843835,2350.925293,587.7313232,0.05230914056,0
7.290257931,7.290257931,0.2902579308,0.04194843769,0.004194843769,2014.925171,503.7312927,0.05230914056,0
7.310257912,7.310257912,0.3102579117,0.03794843704,0.003794843704,1678.925171,419.7312927,0.05230914056,0
7.330257893,7.330257893,0.3302578926,0.03394843638,0.003394843638,1342.925171,335.7312927,0.05230914056,0
7.350257874,7.350257874,0.3502578735,0.02994843759,0.002994843759,1006.925232,251.731308,0.05230914056,0
7.370257854,7.370257854,0.3702578545,0.02594843693,0.002594843693,670.9252319,167.731308,0.05230914056,0
7.390257835,7.390257835,0.3902578354,0.02194843814,0.002194843814,334.9252319,83.73130798,0.05230914056,0
7.410257816,7.410257816,0.4102578163,0.01794843748,0.001794843748,-1.074773073,-0.2686932683,0.05230914056,0
7.430257797,7.430257797,0.4302577972,0.01394843776,0.001394843776,-337.0747681,-84.26869202,0.05230914056,0
7.450257778,7.450257778,0.4502577782,0.009948437102,0.0009948437102,-673.0747681,-168.268692,0.05230914056,0
7.470257759,7.470257759,0.4702577591,0.005948437378,0.0005948437378,-1009.074768,-252.268692,0.05230914056,0
7.49025774,7.49025774,0.49025774,0.001948437537,0.0001948437537,-1345.074829,-336.2687073,0.05230914056,0
7.510257721,7.510257721,0.5102577209,-0.002051562537,-0.0002051562537,-1598.260376,-399.565094,0.05240793526,9.879485879e-05
7.530257702,7.530257702,0.5302577019,-0.006051562726,-0.0006051562726,-1727.375122,-431.8437805,0.05265433341,0.0002463976562
7.550257683,7.550257683,0.5502576828,-0.01005156245,-0.001005156245,-1885.79126,-471.4478149,0.05286535993,0.0002110273781
7.570257664,7.570257664,0.5702576637,-0.01405156218,-0.001405156218,-2020.724487,-505.1811218,0.05310536176,0.0002400031517
7.590257645,7.590257645,0.5902576447,-0.01805156283,-0.001805156283,-2143.781982,-535.9454956,0.05335868895,0.0002533248626
7.610257626,7.610257626,0.6102576256,-0.02205156162,-0.002205156162,-2253.389648,-563.3474121,0.05362817273,0.0002694839204
7.630257607,7.630257607,0.6302576065,-0.02605156228,-0.002605156228,-2349.845459,-587.4613647,0.0539133437,0.0002851721947
7.650257587,7.650257587,0.6502575874,-0.03005156294,-0.003005156294,-2433.497803,-608.3744507,0.05421375111,0.0003004073515
7.670258045,7.670258045,0.6702580452,-0.03405156359,-0.003405156359,-2505.010254,-626.2525635,0.05452860147,0.0003148481774
7.690258026,7.690258026,0.6902580261,-0.03805156425,-0.003805156425,-2565.280762,-641.3201904,0.05485682562,0.0003282245307
7.710258007,7.710258007,0.710258007,-0.04205156118,-0.004205156118,-2615.375488,-653.8438721,0.05519715697,0.0003403336159
7.730257988,7.730257988,0.730257988,-0.04605156183,-0.004605156183,-2656.465576,-664.116394,0.0555482097,0.0003510509268
7.750257969,7.750257969,0.7502579689,-0.049948439,-0.0049948439,-2686.933594,-671.7333984,0.05590124428,0.0003530341201
7.77025795,7.77025795,0.7702579498,-0.04594843835,-0.004594843835,-2351.045898,-587.7614746,0.05590124428,0
7.790257931,7.790257931,0.7902579308,-0.04194843769,-0.004194843769,-2015.046021,-503.7615051,0.05590124428,0
7.810257912,7.810257912,0.8102579117,-0.03794843704,-0.003794843704,-1679.046021,-419.7615051,0.05590124428,0
7.830257893,7.830257893,0.8302578926,-0.03394843638,-0.003394843638,-1343.046021,-335.7615051,0.05590124428,0
7.850257874,7.850257874,0.8502578735,-0.02994843759,-0.002994843759,-1007.045959,-251.7614899,0.05590124428,0
7.870257854,7.870257854,0.8702578545,-0.02594843693,-0.002594843693,-671.0459595,-167.7614899,0.05590124428,0
7.890257835,7.890257835,0.8902578354,-0.02194843814,-0.002194843814,-335.0459595,-83.76148987,0.05590124428,0
7.910257816,7.910257816,0.9102578163,-0.01794843748,-0.001794843748,0.9540390372,0.2385097593,0.05590124428,0
7.930257797,7.930257797,0.9302577972,-0.01394843776,-0.001394843776,336.9540405,84.23851013,0.05590124428,0
7.950257778,7.950257778,0.9502577782,-0.009948437102,-0.0009948437102,672.9540405,168.2385101,0.05590124428,0
7.970257759,7.970257759,0.9702577591,-0.005948437378,-0.0005948437378,1008.954041,252.2385101,0.05590124428,0
7.99025774,7.99025774,0.99025774,-0.001948437537,-0.0001948437537,1344.953979,336.2384949,0.05590124428,0
8.010257721,8.010257721,0.01025772095,0.002051562537,0.0002051562537,1598.342041,399.5855103,0.05599979684,9.855342796e-05
8.030258179,8.030258179,0.03025817871,0.006051562726,0.0006051562726,1727.379272,431.8448181,0.05624628812,0.0002464910795
8.050257683,8.050257683,0.0502576828,0.01005156245,0.001005156245,1885.831787,471.4579468,0.05645726994,0.0002109829802
8.070258141,8.070258141,0.07025814056,0.01405156218,0.001405156218,2020.769653,505.1924133,0.05669726804,0.0002399988152
8.090257645,8.090257645,0.09025764465,0.01805156283,0.001805156283,2143.837402,535.9593506,0.05695058033,0.0002533120278
8.110258102,8.110258102,0.1102581024,0.02205156162,0.002205156162,2253.454834,563.3637085,0.05722005293,0.000269472017
8.130257607,8.130257607,0.1302576065,0.02605156228,0.002605156228,2349.920654,587.4801636,0.05750521272,0.0002851604368
8.150258064,8.150258064,0.1502580643,0.03005156294,0.003005156294,2433.58252,608.3956299,0.05780560896,0.0003003960883
8.170257568,8.170257568,0.1702575684,0.03405156359,0.003405156359,2505.10376,626.2759399,0.05812044814,0.0003148376127
8.190258026,8.190258026,0.1902580261,0.03805156425,0.003805156425,2565.382324,641.3455811,0.05844866112,0.0003282148682
8.21025753,8.21025753,0.2102575302,0.04205156118,0.004205156118,2615.484375,653.8710938,0.05878898874,0.0003403249721
8.230257988,8.230257988,0.230257988,0.04605156183,0.004605156183,2656.580811,664.1452026,0.05914003029,0.0003510433598
8.250257492,8.250257492,0.2502574921,0.049948439,0.0049948439,2687.054199,671.7635498,0.05949305743,0.000353027659
8.27025795,8.27025795,0.2702579498,0.04594843835,0.004594843835,2351.166748,587.791687,0.05949305743,0
8.290257454,8.290257454,0.2902574539,0.04194843769,0.004194843769,2015.166626,503.7916565,0.05949305743,0
8.310257912,8.310257912,0.3102579117,0.03794843704,0.003794843704,1679.166626,419.7916565,0.05949305743,0
8.330257416,8.330257416,0.3302574158,0.03394843638,0.003394843638,1343.166626,335.7916565,0.05949305743,0
8.350257874,8.350257874,0.3502578735,0.02994843759,0.002994843759,1007.166687,251.7916718,0.05949305743,0
8.370257378,8.370257378,0.3702573776,0.02594843693,0.002594843693,671.166687,167.7916718,0.05949305743,0
8.390257835,8.390257835,0.3902578354,0.02194843814,0.002194843814,335.1666565,83.79166412,0.05949305743,0
8.410257339,8.410257339,0.4102573395,0.01794843748,0.001794843748,-0.8333429694,-0.2083357424,0.05949305743,0
8.430257797,8.430257797,0.4302577972,0.01394843776,0.001394843776,-336.8333435,-84.20833588,0.05949305743,0
8.450258255,8.450258255,0.450258255,0.009948437102,0.0009948437102,-672.833313,-168.2083282,0.05949305743,0
8.470257759,8.470257759,0.4702577591,0.005948437378,0.0005948437378,-1008.833313,-252.2083282,0.05949305743,0
8.490258217,8.490258217,0.4902582169,0.001948437537,0.0001948437537,-1344.833374,-336.2083435,0.05949305743,0
8.510257721,8.510257721,0.5102577209,-0.002051562537,-0.0002051562537,-1598.423706,-399.6059265,0.05959137157,9.831206262e-05
8.530258179,8.530258179,0.5302581787,-0.006051562726,-0.0006051562726,-1727.383423,-431.8458557,0.05983795598,0.000246584561
8.550257683,8.550257683,0.5502576828,-0.01005156245,-0.001005156245,-1885.872437,-471.4681091,0.06004889309,0.0002109385823
8.570258141,8.570258141,0.5702581406,-0.01405156218,-0.001405156218,-2020.814697,-505.2036743,0.06028888747,0.0002399944933
8.590257645,8.590257645,0.5902576447,-0.01805156283,-0.001805156283,-2143.892578,-535.9731445,0.06054218858,0.0002532991639
8.610258102,8.610258102,0.6102581024,-0.02205156162,-0.002205156162,-2253.52002,-563.3800049,0.06081164628,0.0002694601135
8.630257607,8.630257607,0.6302576065,-0.02605156228,-0.002605156228,-2349.99585,-587.4989624,0.0610967949,0.0002851486497
8.650258064,8.650258064,0.6502580643,-0.03005156294,-0.003005156294,-2433.667236,-608.4168091,0.06139717996,0.0003003848251
8.670257568,8.670257568,0.6702575684,-0.03405156359,-0.003405156359,-2505.197266,-626.2993164,0.06171200797,0.0003148270771
8.690258026,8.690258026,0.6902580261,-0.03805156425,-0.003805156425,-2565.483887,-641.3709717,0.0620402135,0.0003282052057
8.71025753,8.71025753,0.7102575302,-0.04205156118,-0.004205156118,-2615.593262,-653.8983154,0.06238052994,0.0003403163282
8.730257988,8.730257988,0.730257988,-0.04605156183,-0.004605156183,-2656.696045,-664.1740112,0.06273156404,0.0003510357928
8.750257492,8.750257492,0.7502574921,-0.049948439,-0.0049948439,-2687.174805,-671.7937012,0.06308458745,0.000353021198
8.77025795,8.77025795,0.7702579498,-0.04594843835,-0.004594843835,-2351.287354,-587.8218384,0.06308458745,0
8.790257454,8.790257454,0.7902574539,-0.04194843769,-0.004194843769,-2015.287354,-503.8218384,0.06308458745,0
8.810257912,8.810257912,0.8102579117,-0.03794843704,-0.003794843704,-1679.287354,-419.8218384,0.06308458745,0
8.830257416,8.830257416,0.8302574158,-0.03394843638,-0.003394843638,-1343.287354,-335.8218384,0.06308458745,0
8.850257874,8.850257874,0.8502578735,-0.02994843759,-0.002994843759,-1007.287292,-251.8218231,0.06308458745,0
8.870257378,8.870257378,0.8702573776,-0.02594843693,-0.002594843693,-671.2872925,-167.8218231,0.06308458745,0
8.890257835,8.890257835,0.8902578354,-0.02194843814,-0.002194843814,-335.287323,-83.82183075,0.06308458745,0
8.910257339,8.910257339,0.9102573395,-0.01794843748,-0.001794843748,0.7126849294,0.1781712323,0.06308458745,0
8.930257797,8.930257797,0.9302577972,-0.01394843776,-0.001394843776,336.712677,84.17816925,0.06308458745,0
8.950258255,8.950258255,0.950258255,-0.009948437102,-0.0009948437102,672.7127075,168.1781769,0.06308458745,0
8.970257759,8.970257759,0.9702577591,-0.005948437378,-0.0005948437378,1008.712708,252.1781769,0.06308458745,0
8.990258217,8.990258217,0.9902582169,-0.001948437537,-0.0001948437537,1344.712646,336.1781616,0.06308458745,0
9.010257721,9.010257721,0.01025772095,0.002051562537,0.0002051562537,1598.505249,399.6263123,0.06318265945,9.807076276e-05
9.030258179,9.030258179,0.03025817871,0.006051562726,0.0006051562726,1727.387451,431.8468628,0.06342933327,0.0002466780425
9.050257683,9.050257683,0.0502576828,0.01005156245,0.001005156245,1885.913086,471.4782715,0.0636402294,0.0002108941699
9.070258141,9.070258141,0.07025814056,0.01405156218,0.001405156218,2020.859863,505.2149658,0.06388022006,0.0002399901714
9.090257645,9.090257645,0.09025764465,0.01805156283,0.001805156283,2143.947754,535.9869385,0.06413350254,0.0002532863
9.110258102,9.110258102,0.1102581024,0.02205156162,0.002205156162,2253.585449,563.3963623,0.06440295279,0.0002694481809
9.130257607,9.130257607,0.1302576065,0.02605156228,0.002605156228,2350.071045,587.5177612,0.06468809396,0.0002851368918
9.150258064,9.150258064,0.1502580643,0.03005156294,0.003005156294,2433.751709,608.4379272,0.06498846412,0.0003003735619
9.170257568,9.170257568,0.1702575684,0.03405156359,0.003405156359,2505.290771,626.3226929,0.06530328095,0.0003148165124
9.190258026,9.190258026,0.1902580261,0.03805156425,0.003805156425,2565.585449,641.3963623,0.06563147902,0.0003281955433
9.21025753,9.21025753,0.2102575302,0.04205156118,0.004205156118,2615.702148,653.9255371,0.06597178429,0.0003403076844
9.230257988,9.230257988,0.230257988,0.04605156183,0.004605156183,2656.811279,664.2028198,0.06632281095,0.0003510282259
9.250257492,9.250257492,0.2502574921,0.049948439,0.0049948439,2687.29541,671.8238525,0.06667582691,0.0003530147078
9.27025795,9.27025795,0.2702579498,0.04594843835,0.004594843835,2351.407959,587.8519897,0.06667582691,0
9.290257454,9.290257454,0.2902574539,0.04194843769,0.004194843769,2015.407959,503.8519897,0.06667582691,0
9.310257912,9.310257912,0.3102579117,0.03794843704,0.003794843704,1679.407959,419.8519897,0.06667582691,0
9.330257416,9.330257416,0.3302574158,0.03394843638,0.003394843638,1343.407959,335.8519897,0.06667582691,0
9.350257874,9.350257874,0.3502578735,0.02994843759,0.002994843759,1007.407959,251.8519897,0.06667582691,0
9.370257378,9.370257378,0.3702573776,0.02594843693,0.002594843693,671.407959,167.8519897,0.06667582691,0
9.390257835,9.390257835,0.3902578354,0.02194843814,0.002194843814,335.4079285,83.85198212,0.06667582691,0
9.410257339,9.410257339,0.4102573395,0.01794843748,0.001794843748,-0.5920647979,-0.1480161995,0.06667582691,0
9.430257797,9.430257797,0.4302577972,0.01394843776,0.001394843776,-336.5920715,-84.14801788,0.06667582691,0
9.450258255,9.450258255,0.450258255,0.009948437102,0.0009948437102,-672.592041,-168.1480103,0.06667582691,0
9.470257759,9.470257759,0.4702577591,0.005948437378,0.0005948437378,-1008.592041,-252.1480103,0.06667582691,0
9.490258217,9.490258217,0.4902582169,0.001948437537,0.0001948437537,-1344.592041,-336.1480103,0.06667582691,0
9.510257721,9.510257721,0.5102577209,-0.002051562537,-0.0002051562537,-1598.586914,-399.6467285,0.06677365303,9.782952839e-05
9.530258179,9.530258179,0.5302581787,-0.006051562726,-0.0006051562726,-1727.391479,-431.8478699,0.06702043116,0.0002467715531
9.550257683,9.550257683,0.5502576828,-0.01005156245,-0.001005156245,-1885.953613,-471.4884033,0.06723127514,0.0002108497283
9.570258141,9.570258141,0.5702581406,-0.01405156218,-0.001405156218,-2020.904785,-505.2261963,0.06747126579,0.000239985864
9.590257645,9.590257645,0.5902576447,-0.01805156283,-0.001805156283,-2144.00293,-536.0007324,0.06772454083,0.0002532734652
9.610258102,9.610258102,0.6102581024,-0.02205156162,-0.002205156162,-2253.650391,-563.4125977,0.06799397618,0.0002694362774
9.630257607,9.630257607,0.6302576065,-0.02605156228,-0.002605156228,-2350.14624,-587.5365601,0.06827909499,0.0002851251047
9.650258064,9.650258064,0.6502580643,-0.03005156294,-0.003005156294,-2433.836426,-608.4591064,0.0685794577,0.0003003622987
9.670257568,9.670257568,0.6702575684,-0.03405156359,-0.003405156359,-2505.384277,-626.3460693,0.06889426708,0.0003148059768
9.690258026,9.690258026,0.6902580261,-0.03805156425,-0.003805156425,-2565.687012,-641.4217529,0.06922245026,0.0003281858808
9.71025753,9.71025753,0.7102575302,-0.04205156118,-0.004205156118,-2615.811035,-653.9527588,0.06956274807,0.0003402990405
9.730257988,9.730257988,0.730257988,-0.04605156183,-0.004605156183,-2656.926514,-664.2316284,0.06991377473,0.0003510206589
9.750257492,9.750257492,0.7502574921,-0.049948439,-0.0049948439,-2687.416016,-671.8540039,0.07026678324,0.0003530082467
9.77025795,9.77025795,0.7702579498,-0.04594843835,-0.004594843835,-2351.528564,-587.8821411,0.07026678324,0
9.790257454,9.790257454,0.7902574539,-0.04194843769,-0.004194843769,-2015.528564,-503.8821411,0.07026678324,0
9.810257912,9.810257912,0.8102579117,-0.03794843704,-0.003794843704,-1679.528564,-419.8821411,0.07026678324,0
9.830257416,9.830257416,0.8302574158,-0.03394843638,-0.003394843638,-1343.528564,-335.8821411,0.07026678324,0
9.850257874,9.850257874,0.8502578735,-0.02994843759,-0.002994843759,-1007.528503,-251.8821259,0.07026678324,0
9.870257378,9.870257378,0.8702573776,-0.02594843693,-0.002594843693,-671.5285034,-167.8821259,0.07026678324,0
9.890257835,9.890257835,0.8902578354,-0.02194843814,-0.002194843814,-335.5285034,-83.88212585,0.07026678324,0
9.910257339,9.910257339,0.9102573395,-0.01794843748,-0.001794843748,0.4714826941,0.1178706735,0.07026678324,0
9.930257797,9.930257797,0.9302577972,-0.01394843776,-0.001394843776,336.4714966,84.11787415,0.07026678324,0
9.950258255,9.950258255,0.950258255,-0.009948437102,-0.0009948437102,672.4714966,168.1178741,0.07026678324,0
9.970257759,9.970257759,0.9702577591,-0.005948437378,-0.0005948437378,1008.471497,252.1178741,0.07026678324,0
9.990258217,9.990258217,0.9902582169,-0.001948437537,-0.0001948437537,1344.471436,336.1178589,0.07026678324,0
10,10,0,0,0,1508.140259,377.0350647,0.07026678324,0
