cycle,step_name,time,target_time,time_error,statev_count,stress_count,STATEV1_end,STATEV2_end,STATEV3_end,STATEV4_end,STATEV5_end,STATEV6_end,STATEV7_end,STATEV8_end,STATEV9_end,STATEV10_end,STATEV11_end,STATEV12_end,STATEV13_end,STATEV14_end,STATEV15_end,Delta_STATEV1,Delta_STATEV2,Delta_STATEV3,Delta_STATEV4,Delta_STATEV5,Delta_STATEV6,Delta_STATEV7,Delta_STATEV8,Delta_STATEV9,Delta_STATEV10,Delta_STATEV11,Delta_STATEV12,Delta_STATEV13,Delta_STATEV14,Delta_STATEV15,S11,S22,S33,S12,S13,S23,Delta_S11,Delta_S22,Delta_S33,Delta_S12,Delta_S13,Delta_S23,RIGHT_FACE_U1_AVG,RIGHT_FACE_RF1_SUM,right_face_node_set,right_face_u_count,right_face_rf_count
1,CYCLIC_50,0.990257799625,1,-0.0097422003746,8,8,0.00559759652242,-87.6441726685,43.8220863342,43.8220863342,2.20513190863e-16,1.33941310685e-15,-1.96417816666e-15,-0.00178161333315,0.000890806666575,0.000890806666575,3.83246666292e-20,1.50378567695e-20,-3.98018423238e-20,0.05596813187,0,,,,,,,,,,,,,,,,333.221618652,7.1054273576e-15,7.9936057773e-15,-3.15910154456e-14,1.34686912628e-14,3.11464660851e-15,,,,,,,-0.00194843753707,1332.88647461,RIGHT_FACE,4,4
2,CYCLIC_50,1.99025785923,2,-0.00974214076996,8,8,0.0127773005515,-86.0254898071,43.0127449036,43.0127449036,-4.60853283932e-16,4.10137866158e-16,-2.0252382208e-15,-0.00179731694516,0.000898658472579,0.000898658472579,2.29629223532e-20,-1.69710893365e-20,-5.05866323894e-20,0.127732202411,0,0.00717970402911,1.61868286133,-0.809341430664,-0.809341430664,-6.81366474795e-16,-9.29275240691e-16,-6.10600541426e-17,-1.57036120072e-05,7.8518060036e-06,7.8518060036e-06,-1.5361744276e-20,-3.2008946106e-20,-1.07847900656e-20,0.0717640705407,0,336.519378662,-1.11022302463e-14,-1.24344978758e-14,-7.9030014952e-16,9.45743943466e-16,3.61679759755e-15,3.29776000977,-1.82076576039e-14,-2.04281036531e-14,3.08007152961e-14,-1.25229473193e-14,5.02150989044e-16,-0.00194843753707,1346.07751465,RIGHT_FACE,4,4
3,CYCLIC_50,2.99025774002,3,-0.00974225997925,8,8,0.0199672728777,-85.9814758301,42.990737915,42.990737915,-1.58848450942e-15,7.39446299761e-16,-2.20548810253e-15,-0.00179740961175,0.000898704805877,0.000898704805877,-6.74157976974e-20,-7.32325372175e-20,-4.8755241639e-20,0.199573099613,0,0.00718997232616,0.0440139770508,-0.0220069885254,-0.0220069885254,-1.12763122549e-15,3.29308433603e-16,-1.80249881725e-16,-9.26665961742e-08,4.63332980871e-08,4.63332980871e-08,-9.03787200506e-20,-5.6261447881e-20,1.8313907504e-21,0.0718408972025,0,336.538818359,-1.55431223448e-15,8.881784197e-16,1.43919706881e-15,-1.40091828805e-14,4.0906172668e-15,0.0194396972656,9.54791801178e-15,1.33226762955e-14,2.22949721833e-15,-1.4954926824e-14,4.73819669252e-16,-0.00194843753707,1346.15527344,RIGHT_FACE,4,4
4,CYCLIC_50,3.99025774002,4,-0.00974225997925,8,8,0.0271563660353,-85.9751205444,42.9875602722,42.9875602722,1.76880906116e-15,1.53303691089e-15,-1.95426542776e-15,-0.00179713044781,0.000898565223906,0.000898565223906,9.87716447241e-21,-5.11768195466e-20,-4.46177074896e-20,0.271379381418,0,0.00718909315765,0.00635528564453,-0.00317764282227,-0.00317764282227,3.35729357058e-15,7.93590611131e-16,2.51222674768e-16,2.79163941741e-07,-1.3958197087e-07,-1.3958197087e-07,7.72929621698e-20,2.20557176709e-20,4.13753414944e-21,0.071806281805,0,336.480194092,-8.65973959208e-15,-1.15463194561e-14,-1.91329363843e-15,-7.58355659814e-15,6.48378169266e-15,-0.0586242675781,-7.1054273576e-15,-1.24344978758e-14,-3.35249070724e-15,6.42562628241e-15,2.39316442586e-15,-0.00194843753707,1345.92077637,RIGHT_FACE,4,4
5,CYCLIC_50,4.99025774002,5,-0.00974225997925,8,8,0.0343443118036,-85.9696578979,42.984828949,42.984828949,2.76341723024e-16,2.24396480908e-15,-2.26315853182e-15,-0.00179684255272,0.000898421276361,0.000898421276361,-6.62526438254e-20,-5.95858641446e-20,-7.15975921186e-20,0.34314841032,0,0.00718794576824,0.00546264648438,-0.00273132324219,-0.00273132324219,-1.49246733813e-15,7.10927898185e-16,-3.08893104061e-16,2.87895090878e-07,-1.43947545439e-07,-1.43947545439e-07,-7.61298082978e-20,-8.409044598e-21,-2.6979884629e-20,0.0717690289021,0,336.41973877,-9.32587340685e-15,-9.7699626167e-15,1.64040757491e-15,-3.53563847727e-15,3.82961557846e-15,-0.0604553222656,-6.66133814775e-16,1.7763568394e-15,3.55370121334e-15,4.04791812087e-15,-2.6541661142e-15,-0.00194843753707,1345.67895508,RIGHT_FACE,4,4
6,CYCLIC_50,5.99025774002,6,-0.00974225997925,8,8,0.0415311083198,-85.9642181396,42.9821090698,42.9821090698,1.95107243284e-15,2.17461964113e-15,-1.46060143919e-15,-0.00179655465763,0.000898277328815,0.000898277328815,-5.4795357083e-20,-9.80049340233e-21,-6.36670820062e-20,0.414880156517,0,0.00718679651618,0.00543975830078,-0.00271987915039,-0.00271987915039,1.67473070982e-15,-6.93451679498e-17,8.02557092634e-16,2.87895090878e-07,-1.43947545439e-07,-1.43947545439e-07,1.14572867424e-20,4.97853707423e-20,7.93051011232e-21,0.0717317461967,0,336.359313965,-7.32747196253e-15,-5.3290705182e-15,-1.63176519716e-14,-6.28434296028e-15,3.08729453821e-15,-0.0604248046875,1.99840144433e-15,4.4408920985e-15,-1.79580595465e-14,-2.74870448301e-15,-7.42321040249e-16,-0.00194843753707,1345.43725586,RIGHT_FACE,4,4
7,CYCLIC_50,6.99025774002,7,-0.00974225997925,8,8,0.0487167499959,-85.9587783813,42.9793891907,42.9793891907,-1.22846045299e-15,2.70478406445e-15,-2.19527620714e-15,-0.00179626699537,0.000898133497685,0.000898133497685,-1.71528971728e-19,-3.47981277428e-20,-7.15267569026e-20,0.486574649811,0,0.00718564167619,0.00543975830078,-0.00271987915039,-0.00271987915039,-3.17953288584e-15,5.30164423326e-16,-7.34674767955e-16,2.87662260234e-07,-1.43831130117e-07,-1.43831130117e-07,-1.16733614645e-19,-2.49976343405e-20,-7.85967489638e-21,0.0716944932938,0,336.29888916,6.2172489379e-15,7.9936057773e-15,-6.93177481036e-15,-1.20679772599e-14,5.195008549e-15,-0.0604248046875,1.35447209004e-14,1.33226762955e-14,9.38587716128e-15,-5.7836342996e-15,2.10771401078e-15,-0.00194843753707,1345.19555664,RIGHT_FACE,4,4
8,CYCLIC_50,7.99025774002,8,-0.00974225997925,8,8,0.0559012442827,-85.953338623,42.9766693115,42.9766693115,1.68141815405e-15,9.49773439669e-16,-1.18211162737e-15,-0.00179597956594,0.00089798978297,0.00089798978297,-2.32313390692e-19,-7.93643796405e-20,-6.15597881009e-20,0.558231890202,0,0.00718449428678,0.00543975830078,-0.00271987915039,-0.00271987915039,2.90987860704e-15,-1.75501062478e-15,1.01316457977e-15,2.87429429591e-07,-1.43714714795e-07,-1.43714714795e-07,-6.07844189638e-20,-4.45662518977e-20,9.96696880175e-21,0.0716572403908,0,336.238494873,-7.32747196253e-15,-2.6645352591e-15,-2.01555101865e-14,-1.61015691552e-14,3.83296130566e-15,-0.0603942871094,-1.35447209004e-14,-1.06581410364e-14,-1.32237353762e-14,-4.03359189529e-15,-1.36204724333e-15,-0.00194843753707,1344.95397949,RIGHT_FACE,4,4
9,CYCLIC_50,8.99025821686,9,-0.00974178314209,8,8,0.0630845874548,-85.9478988647,42.9739494324,42.9739494324,-2.01679468537e-15,1.22408415139e-15,-2.17611435649e-15,-0.00179569213651,0.000897846068256,0.000897846068256,-3.02919766386e-19,-1.46914176356e-19,-6.70347939856e-20,0.629851996899,0,0.00718334317207,0.00543975830078,-0.00271987915039,-0.00271987915039,-3.69821283942e-15,2.74310711724e-16,-9.9400272912e-16,2.87429429591e-07,-1.43714714795e-07,-1.43714714795e-07,-7.06063756937e-20,-6.75497967157e-20,-5.47500588471e-21,0.0716201066971,0,336.178161621,-7.1054273576e-15,-5.3290705182e-15,5.33086855739e-16,-2.36187539456e-14,3.90496699459e-15,-0.0603332519531,2.22044604925e-16,-2.6645352591e-15,2.06885970423e-14,-7.51718479046e-15,7.20056889245e-17,-0.00194843753707,1344.71264648,RIGHT_FACE,4,4
10,CYCLIC_50,9.99025821686,10,-0.00974178314209,8,8,0.0702667832375,-85.9424591064,42.9712295532,42.9712295532,1.89103408034e-15,1.57150387987e-15,-1.78002985219e-15,-0.00179540505633,0.000897702528164,0.000897702528164,-2.50127276099e-19,-1.54258927686e-19,-4.94534226677e-20,0.701434910297,0,0.00718219578266,0.00543975830078,-0.00271987915039,-0.00271987915039,3.90782876571e-15,3.47419728478e-16,3.96084504302e-16,2.87080183625e-07,-1.43540091813e-07,-1.43540091813e-07,5.27924902871e-20,-7.34475133e-21,1.75813713179e-20,0.0715829133987,0,336.117858887,-3.5527136788e-15,-3.5527136788e-15,3.57134500227e-15,6.9170483948e-16,6.78603680962e-15,-0.060302734375,3.5527136788e-15,1.7763568394e-15,3.03825814653e-15,2.43104587851e-14,2.88106981503e-15,-0.00194843753707,1344.47143555,RIGHT_FACE,4,4
11,CYCLIC_50,10.9902582169,11,-0.00974178314209,8,8,0.0774478241801,-85.9370193481,42.9685096741,42.9685096741,2.07583654289e-15,2.82807062644e-15,-1.54774568434e-15,-0.00179511809256,0.00089755904628,0.00089755904628,-1.96121743745e-19,-1.25051350096e-19,-4.61570903571e-20,0.772980690002,0,0.00718104094267,0.00543975830078,-0.00271987915039,-0.00271987915039,1.84802462546e-16,1.25656674657e-15,2.32284167849e-16,2.86963768303e-07,-1.43481884152e-07,-1.43481884152e-07,5.40055323538e-20,2.92075775906e-20,3.29633231053e-21,0.071545779705,0,336.057617188,-1.08801856413e-14,-3.5527136788e-15,-2.98544275442e-14,-7.20770209935e-15,4.0215387124e-15,-0.0602416992188,-7.32747196253e-15,0,-3.34257725465e-14,-7.89940693883e-15,-2.76449809722e-15,-0.00194843753707,1344.23046875,RIGHT_FACE,4,4
12,CYCLIC_50,11.9902582169,12,-0.00974178314209,8,8,0.084627725184,-85.9315795898,42.9657897949,42.9657897949,-7.60458548477e-16,3.60433766349e-15,-2.37016420322e-15,-0.00179483124521,0.000897415622603,0.000897415622603,-3.10030239182e-19,-9.53661033681e-20,-5.771859287e-20,0.844489336014,0,0.00717990100384,0.00543975830078,-0.00271987915039,-0.00271987915039,-2.83629509137e-15,7.76267037045e-16,-8.22418518877e-16,2.86847352982e-07,-1.43423676491e-07,-1.43423676491e-07,-1.13908495437e-19,2.96852467275e-20,-1.15615025129e-20,0.0715086460114,0,335.997375488,-5.99520433298e-15,-6.2172489379e-15,-2.87639439871e-15,6.31916595382e-15,6.65027398336e-15,-0.0602416992188,4.88498130835e-15,-2.6645352591e-15,2.69780331455e-14,1.35268680532e-14,2.62873527096e-15,-0.00194843753707,1343.98950195,RIGHT_FACE,4,4
13,CYCLIC_50,12.9902582169,13,-0.00974178314209,8,8,0.0918064787984,-85.9261322021,42.9630661011,42.9630661011,-1.46780832637e-15,2.760419756e-15,-1.84690193126e-15,-0.00179454463068,0.000897272315342,0.000897272315342,-2.34184044148e-19,-4.66846130798e-20,-5.15934978457e-20,0.915960907936,0,0.00717875361443,0.00544738769531,-0.00272369384766,-0.00272369384766,-7.07349777898e-16,-8.4391790749e-16,5.23262271958e-16,2.86614522338e-07,-1.43307261169e-07,-1.43307261169e-07,7.58461950341e-20,4.86814902883e-20,6.12509502429e-21,0.0714715719223,0,335.937194824,-6.88338275268e-15,-1.7763568394e-15,7.50807610255e-15,-1.15138448482e-15,5.97725169465e-15,-0.0601806640625,-8.881784197e-16,4.4408920985e-15,1.03844705013e-14,-7.47055043864e-15,-6.73022288712e-16,-0.00194843753707,1343.7487793,RIGHT_FACE,4,4
14,CYCLIC_50,13.9902582169,14,-0.00974178314209,8,8,0.0989840850234,-85.9206924438,42.9603462219,42.9603462219,-1.47321841184e-15,1.77713111354e-15,-1.94568269933e-15,-0.00179425824899,0.000897129124496,0.000897129124496,-2.57941053528e-19,-6.38659523006e-20,-6.4407696229e-20,0.987395405769,0,0.00717760622501,0.00543975830078,-0.00271987915039,-0.00271987915039,-5.4100854609e-18,-9.83288642457e-16,-9.8780768069e-17,2.86381691694e-07,-1.43190845847e-07,-1.43190845847e-07,-2.37570093799e-20,-1.71813392208e-20,-1.28141983833e-20,0.0714344978333,0,335.877044678,-3.10862446895e-15,-8.881784197e-16,-3.17944325254e-15,-1.18321547476e-14,5.07121973948e-15,-0.0601501464844,3.77475828373e-15,8.881784197e-16,-1.06875193551e-14,-1.06807702627e-14,-9.06031955169e-16,-0.00194843753707,1343.50817871,RIGHT_FACE,4,4
15,CYCLIC_50,14.9902582169,15,-0.00974178314209,8,8,0.106160543859,-85.9152450562,42.9576225281,42.9576225281,1.74724327145e-15,1.50182357473e-15,-2.00563868573e-15,-0.00179397198372,0.000896985991858,0.000896985991858,-3.00274781656e-19,-1.10229480968e-19,-9.0700665167e-20,1.05879294872,0,0.0071764588356,0.00544738769531,-0.00272369384766,-0.00272369384766,3.22046168328e-15,-2.75307538808e-16,-5.99559864005e-17,2.86265276372e-07,-1.43132638186e-07,-1.43132638186e-07,-4.23337281285e-20,-4.63635286675e-20,-2.6292968938e-20,0.0713975429535,0,335.816925049,-7.9936057773e-15,-1.50990331349e-14,-9.58876944468e-16,-1.54941771282e-14,2.97312841341e-15,-0.0601196289062,-4.88498130835e-15,-1.42108547152e-14,2.22056630808e-15,-3.66202238067e-15,-2.09809132607e-15,-0.00194843753707,1343.2677002,RIGHT_FACE,4,4
16,CYCLIC_50,15.9902582169,16,-0.00974178314209,8,8,0.113335862756,-85.9098052979,42.9549026489,42.9549026489,-1.20887148598e-15,2.89511651436e-15,-1.84356951836e-15,-0.00179368595127,0.000896842975635,0.000896842975635,-3.83595632204e-19,-1.46760809275e-19,-8.49247564815e-20,1.13015341759,0,0.00717531889677,0.00543975830078,-0.00271987915039,-0.00271987915039,-2.95611475743e-15,1.39329293963e-15,1.62069167372e-16,2.86032445729e-07,-1.43016222864e-07,-1.43016222864e-07,-8.33208505474e-20,-3.65313283074e-20,5.77590868547e-21,0.0713604688644,0,335.756866455,-1.15463194561e-14,-1.7763568394e-15,-6.98885021307e-15,1.98818537995e-16,4.57142213884e-15,-0.06005859375,-3.5527136788e-15,1.33226762955e-14,-6.0299732686e-15,1.56929956662e-14,1.59829372543e-15,-0.00194843753707,1343.02746582,RIGHT_FACE,4,4
17,CYCLIC_50,16.9902572632,17,-0.00974273681641,8,8,0.120510034263,-85.9043579102,42.9521789551,42.9521789551,-8.40339666435e-16,2.00876401893e-15,-2.25735031523e-15,-0.00179340003524,0.00089670001762,0.00089670001762,-3.38923101027e-19,-1.40298557675e-19,-8.6849280731e-20,1.20147693157,0,0.00717417150736,0.00544738769531,-0.00272369384766,-0.00272369384766,3.68531819547e-16,-8.86352495426e-16,-4.13780796873e-16,2.85916030407e-07,-1.42958015203e-07,-1.42958015203e-07,4.46725311768e-20,6.46225160034e-21,-1.92452424947e-21,0.0713235139847,0,335.696838379,-1.99840144433e-15,-2.6645352591e-15,-7.46210769067e-15,-1.13466616755e-14,2.92395090472e-15,-0.0600280761719,9.54791801178e-15,-8.881784197e-16,-4.73257477603e-16,-1.15454802135e-14,-1.64747123412e-15,-0.00194843753707,1342.78735352,RIGHT_FACE,4,4
18,CYCLIC_50,17.9902572632,18,-0.00974273681641,8,8,0.127683058381,-85.8989181519,42.9494590759,42.9494590759,2.91101358818e-15,1.65167198483e-15,-1.64879219524e-15,-0.00179311435204,0.00089655717602,0.00089655717602,-2.05773558324e-19,-1.8564924286e-19,-8.70849258275e-20,1.27276349068,0,0.00717302411795,0.00543975830078,-0.00271987915039,-0.00271987915039,3.75135325462e-15,-3.57092034098e-16,6.08558119997e-16,2.85683199763e-07,-1.42841599882e-07,-1.42841599882e-07,1.33149542703e-19,-4.53506851854e-20,-2.35645096485e-22,0.0712865591049,0,335.63684082,-1.28785870857e-14,-9.7699626167e-15,5.81346592319e-15,-1.42551277509e-16,7.58852603456e-15,-0.0599975585938,-1.08801856413e-14,-7.1054273576e-15,1.32755736139e-14,1.1204110398e-14,4.66457512984e-15,-0.00194843753707,1342.54736328,RIGHT_FACE,4,4
19,CYCLIC_50,18.9902572632,19,-0.00974273681641,8,8,0.13485494256,-85.8934707642,42.9467353821,42.9467353821,-2.09475992564e-15,2.21610010849e-16,-2.42224452856e-15,-0.00179282890167,0.000896414450835,0.000896414450835,-3.31795933539e-19,-2.99851439388e-19,-1.05303298111e-19,1.34401321411,0,0.00717188417912,0.00544738769531,-0.00272369384766,-0.00272369384766,-5.00577351382e-15,-1.43006197399e-15,-7.73452333327e-16,2.8545036912e-07,-1.4272518456e-07,-1.4272518456e-07,-1.26022375215e-19,-1.14202196528e-19,-1.82183722832e-20,0.0712497234344,0,335.576873779,2.22044604925e-16,-5.3290705182e-15,-8.97686829078e-15,-6.97782904388e-15,3.21972742483e-15,-0.0599670410156,1.31006316906e-14,4.4408920985e-15,-1.4790334214e-14,-6.83527776637e-15,-4.36879860973e-15,-0.00194843753707,1342.30749512,RIGHT_FACE,4,4
20,CYCLIC_50,19.9902572632,20,-0.00974273681641,8,8,0.142025694251,-85.8880233765,42.9440116882,42.9440116882,1.10302119978e-15,2.8931807587e-15,-2.30637507344e-15,-0.0017925434513,0.000896271725651,0.000896271725651,-2.57704357138e-19,-2.66356443395e-19,-1.20477652606e-19,1.41522598267,0,0.00717075169086,0.00544738769531,-0.00272369384766,-0.00272369384766,3.19778112542e-15,2.67157074785e-15,1.15869455121e-16,2.8545036912e-07,-1.4272518456e-07,-1.4272518456e-07,7.40915764005e-20,3.34949959937e-20,-1.51743544953e-20,0.0712127685547,0,335.516937256,-2.22044604925e-15,-7.9936057773e-15,2.1732125811e-14,-3.58022912058e-15,7.43263409401e-15,-0.0599365234375,-2.44249065418e-15,-2.6645352591e-15,3.07089941018e-14,3.3975999233e-15,4.21290666918e-15,-0.00194843753707,1342.06774902,RIGHT_FACE,4,4
21,CYCLIC_50,20.9902572632,21,-0.00974273681641,8,8,0.149195298553,-85.8825759888,42.9412879944,42.9412879944,1.75382293735e-15,3.04801466245e-15,-1.93708916296e-15,-0.00179225835018,0.000896129175089,0.000896129175089,-2.3742857301e-19,-1.5987819601e-19,-1.08897700795e-19,1.48640191555,0,0.00716960430145,0.00544738769531,-0.00272369384766,-0.00272369384766,6.50801737571e-16,1.54833903754e-16,3.69285910481e-16,2.85101123154e-07,-1.42550561577e-07,-1.42550561577e-07,2.0275784128e-20,1.06478247384e-19,1.15799518111e-20,0.0711759328842,0,335.457061768,-2.22044604925e-16,-4.4408920985e-15,1.4655542195e-14,-8.14103802923e-15,7.3664505394e-15,-0.0598754882812,1.99840144433e-15,3.5527136788e-15,-7.07658361596e-15,-4.56080890865e-15,-6.61835546084e-17,-0.00194843753707,1341.82824707,RIGHT_FACE,4,4
22,CYCLIC_50,21.9902572632,22,-0.00974273681641,8,8,0.156363755465,-85.8771286011,42.9385643005,42.9385643005,1.5360894522e-15,2.34779666539e-15,-1.7763396448e-15,-0.00179197336547,0.000895986682735,0.000895986682735,-2.3088633773e-19,-1.09960907278e-19,-1.15706011967e-19,1.55754113197,0,0.00716845691204,0.00544738769531,-0.00272369384766,-0.00272369384766,-2.17733485156e-16,-7.00217997056e-16,1.60749518165e-16,2.84984707832e-07,-1.42492353916e-07,-1.42492353916e-07,6.54223528037e-21,4.99172887329e-20,-6.80831117222e-21,0.071139216423,0,335.397216797,-1.99840144433e-15,7.9936057773e-15,4.29438912112e-15,-7.59296365341e-15,6.22568905874e-15,-0.0598449707031,-1.7763568394e-15,1.24344978758e-14,-1.03611530739e-14,5.48074375822e-16,-1.14076148067e-15,-0.00194843753707,1341.58886719,RIGHT_FACE,4,4
23,CYCLIC_50,22.9902572632,23,-0.00974273681641,8,8,0.163531079888,-85.8716812134,42.9358406067,42.9358406067,-2.76766448504e-15,2.27619514395e-15,-2.27904181654e-15,-0.00179168849718,0.000895844248589,0.000895844248589,-2.20575259976e-19,-1.01575870203e-19,-1.152694468e-19,1.62864339352,0,0.00716732442379,0.00544738769531,-0.00272369384766,-0.00272369384766,-4.30375393724e-15,-7.16015214462e-17,-5.02702171746e-16,2.84868292511e-07,-1.42434146255e-07,-1.42434146255e-07,1.03110777541e-20,8.38503707416e-21,4.36565167011e-22,0.0711022615433,0,335.337402344,-7.9936057773e-15,-7.9936057773e-15,2.38927402851e-14,-1.23083167078e-14,6.9077249311e-15,-0.059814453125,-5.99520433298e-15,-1.59872115546e-14,1.9598351164e-14,-4.71535305435e-15,6.82035872361e-16,-0.00194843753707,1341.34960938,RIGHT_FACE,4,4
24,CYCLIC_50,23.9902572632,24,-0.00974273681641,8,8,0.170697271824,-85.8662338257,42.9331169128,42.9331169128,-8.47081254602e-16,1.40409068982e-15,-2.29858219166e-15,-0.00179140386172,0.000895701930858,0.000895701930858,-3.07981203371e-19,-1.41885654334e-19,-1.29954042417e-19,1.6997089386,0,0.00716619193554,0.00544738769531,-0.00272369384766,-0.00272369384766,1.92058323044e-15,-8.72104454131e-16,-1.95403751138e-17,2.84635461867e-07,-1.42317730933e-07,-1.42317730933e-07,-8.74059433949e-20,-4.03097841304e-20,-1.4684595617e-20,0.0710655450821,0,335.277648926,-2.6645352591e-15,-2.6645352591e-15,5.55817688975e-15,-6.5492935824e-15,4.02051086439e-15,-0.0597534179688,5.3290705182e-15,5.3290705182e-15,-1.83345633954e-14,5.75902312536e-15,-2.88721406671e-15,-0.00194843753707,1341.1105957,RIGHT_FACE,4,4
25,CYCLIC_50,24.9902572632,25,-0.00974273681641,8,8,0.17786231637,-85.860786438,42.930393219,42.930393219,-2.15857382617e-15,3.49460763883e-15,-1.92032419718e-15,-0.00179111945909,0.000895559729543,0.000895559729543,-2.85752356959e-19,-1.31140203764e-19,-1.21099952536e-19,1.77073776722,0,0.00716504454613,0.00544738769531,-0.00272369384766,-0.00272369384766,-1.31149257157e-15,2.09051694901e-15,3.78257994478e-16,2.84402631223e-07,-1.42201315612e-07,-1.42201315612e-07,2.22288464116e-20,1.07454505694e-20,8.8540898809e-21,0.0710288286209,0,335.217895508,-2.44249065418e-15,-4.4408920985e-15,1.32685346708e-14,-2.25049771943e-16,7.87523062005e-15,-0.0597534179688,2.22044604925e-16,-1.7763568394e-15,7.71035778107e-15,6.32424381046e-15,3.85471975566e-15,-0.00194843753707,1340.87158203,RIGHT_FACE,4,4
26,CYCLIC_50,25.9902572632,26,-0.00974273681641,8,8,0.185026228428,-85.8553390503,42.9276695251,42.9276695251,-1.13643879691e-15,2.03625391075e-15,-2.05227609812e-15,-0.00179083517287,0.000895417586435,0.000895417586435,-3.0596159263e-19,-1.47311633712e-19,-1.11727070464e-19,1.84172987938,0,0.00716391205788,0.00544738769531,-0.00272369384766,-0.00272369384766,1.02213502926e-15,-1.45835372807e-15,-1.31951900945e-16,2.84286215901e-07,-1.42143107951e-07,-1.42143107951e-07,-2.02092356706e-20,-1.61714299479e-20,9.37288207165e-21,0.0709921121597,0,335.158203125,-8.65973959208e-15,-8.881784197e-15,-1.13627877055e-14,-4.37719336798e-15,3.08581882815e-15,-0.0596923828125,-6.2172489379e-15,-4.4408920985e-15,-2.46313223763e-14,-4.15214359604e-15,-4.7894117919e-15,-0.00194843753707,1340.6328125,RIGHT_FACE,4,4
27,CYCLIC_50,26.9902572632,27,-0.00974273681641,8,8,0.192188993096,-85.8498916626,42.9249458313,42.9249458313,-2.47817660223e-16,2.86536653267e-15,-2.16065982347e-15,-0.00179055111948,0.000895275559742,0.000895275559742,-3.74436046408e-19,-1.15381976079e-19,-1.14173092003e-19,1.91268527508,0,0.00716276466846,0.00544738769531,-0.00272369384766,-0.00272369384766,8.8862113669e-16,8.29112621914e-16,-1.08383725349e-16,2.84053385258e-07,-1.42026692629e-07,-1.42026692629e-07,-6.8474453778e-20,3.19296576334e-20,-2.44602153893e-21,0.0709553956985,0,335.09854126,-2.88657986403e-15,-1.7763568394e-15,-1.18250472213e-14,-1.04372739132e-14,6.67413294438e-16,-0.0596618652344,5.77315972805e-15,7.1054273576e-15,-4.62259515789e-16,-6.06008054517e-15,-2.41840553371e-15,-0.00194843753707,1340.39416504,RIGHT_FACE,4,4
28,CYCLIC_50,27.9902572632,28,-0.00974273681641,8,8,0.199350625277,-85.8444366455,42.9222183228,42.9222183228,1.41582639086e-15,2.91681164782e-15,-2.04381349783e-15,-0.00179026718251,0.000895133591257,0.000895133591257,-4.64714927818e-19,-1.37958891853e-19,-1.32535901411e-19,1.98360407352,0,0.00716163218021,0.00545501708984,-0.00272750854492,-0.00272750854492,1.66364405108e-15,5.14451151518e-17,1.16846325646e-16,2.83936969936e-07,-1.41968484968e-07,-1.41968484968e-07,-9.02788814105e-20,-2.25769157738e-20,-1.83628094081e-20,0.0709187984467,0,335.038909912,-3.5527136788e-15,-1.06581410364e-14,1.58811634531e-14,-1.40806220761e-14,5.62627643288e-15,-0.0596313476562,-6.66133814775e-16,-8.881784197e-15,2.77062106744e-14,-3.64334816292e-15,4.95886313844e-15,-0.00194843753707,1340.15563965,RIGHT_FACE,4,4
29,CYCLIC_50,28.9902572632,29,-0.00974273681641,8,8,0.20651113987,-85.8389892578,42.9194946289,42.9194946289,9.73590449392e-16,6.26839982822e-16,-1.80344056569e-15,-0.00178998347837,0.000894991739187,0.000894991739187,-5.10369037231e-19,-2.0754679859e-19,-1.29778018847e-19,2.05448627472,0,0.00716051459312,0.00544738769531,-0.00272369384766,-0.00272369384766,-4.42235941466e-16,-2.289971665e-15,2.4037293214e-16,2.83704139292e-07,-1.41852069646e-07,-1.41852069646e-07,-4.56541094128e-20,-6.95879067372e-20,2.7578825643e-21,0.0708822011948,0,334.9793396,2.22044604925e-15,8.881784197e-16,-2.56602649201e-15,-1.69798585008e-14,2.31592757353e-15,-0.0595703125,5.77315972805e-15,1.15463194561e-14,-1.84471899451e-14,-2.89923642471e-15,-3.31034885935e-15,-0.00194843753707,1339.9173584,RIGHT_FACE,4,4
30,CYCLIC_50,29.9902572632,30,-0.00974273681641,8,8,0.213670507073,-85.8335342407,42.9167671204,42.9167671204,3.6524401087e-15,8.1411982111e-16,-1.36558892879e-15,-0.00178969989065,0.000894849945325,0.000894849945325,-5.30776427895e-19,-2.05581547509e-19,-1.03676952782e-19,2.12533187866,0,0.00715936720371,0.00545501708984,-0.00272750854492,-0.00272750854492,2.67884965931e-15,1.87279838288e-16,4.37851636893e-16,2.8358772397e-07,-1.41793861985e-07,-1.41793861985e-07,-2.04073906638e-20,1.96525108066e-21,2.61010660651e-20,0.0708456039429,0,334.919799805,-6.66133814775e-15,-4.4408920985e-15,-1.18504479328e-15,1.09815439331e-16,5.08640039631e-15,-0.0595397949219,-8.881784197e-15,-5.3290705182e-15,1.38098169872e-15,1.70896739401e-14,2.77047282278e-15,-0.00194843753707,1339.67919922,RIGHT_FACE,4,4
31,CYCLIC_50,30.9902572632,31,-0.00974273681641,8,8,0.220828726888,-85.828086853,42.9140434265,42.9140434265,1.70060011511e-15,2.9804006611e-15,-1.77257591924e-15,-0.00178941653576,0.000894708267879,0.000894708267879,-4.06719425838e-19,-2.29834483069e-19,-1.00776463755e-19,2.19614076614,0,0.0071582198143,0.00544738769531,-0.00272369384766,-0.00272369384766,-1.95183999358e-15,2.16628083999e-15,-4.06986990448e-16,2.83354893327e-07,-1.41677446663e-07,-1.41677446663e-07,1.24057002057e-19,-2.42529355601e-20,2.90048902697e-21,0.0708088874817,0,334.860290527,-1.02140518266e-14,-8.881784197e-15,5.5334802148e-15,-1.67574919613e-14,2.92460979047e-15,-0.0595092773438,-3.5527136788e-15,-4.4408920985e-15,6.71852500808e-15,-1.68673074006e-14,-2.16179060584e-15,-0.00194843753707,1339.44116211,RIGHT_FACE,4,4
32,CYCLIC_50,31.9902572632,32,-0.00974273681641,8,8,0.227985829115,-85.8226318359,42.911315918,42.911315918,-2.7357633085e-15,2.74083038532e-15,-1.38757802736e-15,-0.00178913329728,0.00089456664864,0.00089456664864,-5.37060725804e-19,-2.42577585319e-19,-8.91489263395e-20,2.26691317558,0,0.00715710222721,0.00545501708984,-0.00272750854492,-0.00272750854492,-4.43636342361e-15,-2.39570275778e-16,3.84997891887e-16,2.83238478005e-07,-1.41619239002e-07,-1.41619239002e-07,-1.30341299966e-19,-1.274310225e-20,1.16275374156e-20,0.0707724094391,0,334.800811768,-1.7763568394e-15,8.881784197e-16,1.85157378863e-14,-9.73468542822e-15,9.29022660098e-15,-0.0594787597656,8.43769498715e-15,9.7699626167e-15,1.29822576715e-14,7.02280653308e-15,6.36561681051e-15,-0.00194843753707,1339.20324707,RIGHT_FACE,4,4
33,CYCLIC_50,32.9902572632,33,-0.00974273681641,8,8,0.235141798854,-85.8171768188,42.9085884094,42.9085884094,-1.67027743741e-15,2.12050278554e-15,-2.14537917209e-15,-0.00178885029163,0.000894425145816,0.000894425145816,-5.21495309557e-19,-3.00142580585e-19,-8.67225661931e-20,2.33764910698,0,0.00715596973896,0.00545501708984,-0.00272750854492,-0.00272750854492,1.06548587109e-15,-6.20327599785e-16,-7.57801144732e-16,2.83005647361e-07,-1.41502823681e-07,-1.41502823681e-07,1.55654162468e-20,-5.75649952651e-20,2.42636014644e-21,0.0707359313965,0,334.741363525,3.99680288865e-15,6.2172489379e-15,8.85204365261e-15,-3.77519212341e-15,4.10073018424e-15,-0.0594482421875,5.77315972805e-15,5.3290705182e-15,-9.66369423372e-15,5.95949330481e-15,-5.18949641674e-15,-0.00194843753707,1338.9654541,RIGHT_FACE,4,4
34,CYCLIC_50,33.9902572632,34,-0.00974273681641,8,8,0.242296636105,-85.8117294312,42.9058647156,42.9058647156,1.97472593377e-15,2.34953180577e-15,-1.90082307633e-15,-0.0017885674024,0.0008942837012,0.0008942837012,-5.22462862073e-19,-2.49364638192e-19,-1.02002870893e-19,2.40834856033,0,0.00715483725071,0.00544738769531,-0.00272369384766,-0.00272369384766,3.64500337118e-15,2.29029020232e-16,2.44556095753e-16,2.82889232039e-07,-1.4144461602e-07,-1.4144461602e-07,-9.67552516268e-22,5.07779423923e-20,-1.52803046995e-20,0.0706994533539,0,334.681976318,-1.53210777398e-14,-9.7699626167e-15,-8.28762548491e-15,-9.01886745994e-15,4.57652393739e-15,-0.0593872070312,-1.93178806285e-14,-1.59872115546e-14,-1.71396691375e-14,-5.24367533652e-15,4.75793753155e-16,-0.00194843753707,1338.72790527,RIGHT_FACE,4,4
35,CYCLIC_50,34.9902572632,35,-0.00974273681641,8,8,0.249450340867,-85.8062744141,42.903137207,42.903137207,-1.13910796647e-15,1.19998760591e-15,-2.06931993131e-15,-0.001788284746,0.000894142372999,0.000894142372999,-6.16931886653e-19,-2.65738878246e-19,-1.1880365715e-19,2.47901153564,0,0.00715370476246,0.00545501708984,-0.00272750854492,-0.00272750854492,-3.11383390025e-15,-1.14954419986e-15,-1.68496854972e-16,2.82656401396e-07,-1.41328200698e-07,-1.41328200698e-07,-9.44690245801e-20,-1.63742400534e-20,-1.68007862578e-20,0.0706629753113,0,334.622619629,-8.21565038223e-15,-3.5527136788e-15,-2.98579008028e-15,-7.89491034532e-16,3.90399280041e-15,-0.0593566894531,7.1054273576e-15,6.2172489379e-15,5.30183540463e-15,8.2293764254e-15,-6.72531136988e-16,-0.00194843753707,1338.49047852,RIGHT_FACE,4,4
36,CYCLIC_50,35.9902572632,36,-0.00974273681641,8,8,0.256602913141,-85.800819397,42.9004096985,42.9004096985,2.37332089815e-15,2.14677257272e-15,-1.90861530175e-15,-0.00178800232243,0.000894001161214,0.000894001161214,-5.13321411243e-19,-2.86033162563e-19,-1.14993965162e-19,2.54963803291,0,0.00715257227421,0.00545501708984,-0.00272750854492,-0.00272750854492,3.51242886462e-15,9.4678496681e-16,1.60704629554e-16,2.82423570752e-07,-1.41211785376e-07,-1.41211785376e-07,1.0361047541e-19,-2.02942843173e-20,3.80969198857e-21,0.0706264972687,0,334.563293457,-8.881784197e-15,3.5527136788e-15,2.99492668058e-15,-7.18751678806e-15,4.28058734129e-15,-0.059326171875,-6.66133814775e-16,7.1054273576e-15,5.98071676086e-15,-6.39802575353e-15,3.76594540884e-16,-0.00194843753707,1338.25317383,RIGHT_FACE,4,4
37,CYCLIC_50,36.9902572632,37,-0.00974273681641,8,8,0.263754367828,-85.7953643799,42.8976821899,42.8976821899,2.39304695876e-15,3.31228421217e-15,-1.73510876347e-15,-0.00178772001527,0.000893860007636,0.000893860007636,-5.55580412761e-19,-2.7487592289e-19,-1.26053061299e-19,2.62022829056,0,0.00715145468712,0.00545501708984,-0.00272750854492,-0.00272750854492,1.97260606177e-17,1.16551163946e-15,1.73506538281e-16,2.8230715543e-07,-1.41153577715e-07,-1.41153577715e-07,-4.22590015185e-20,1.11572396727e-20,-1.1059096137e-20,0.0705902576447,0,334.503997803,-1.33226762955e-14,-7.9936057773e-15,-7.00851545937e-15,-6.30030716229e-15,5.69933097317e-15,-0.0592956542969,-4.4408920985e-15,-1.15463194561e-14,-1.00034421399e-14,8.87209625767e-16,1.41874363189e-15,-0.00194843753707,1338.01599121,RIGHT_FACE,4,4
38,CYCLIC_50,37.9902572632,38,-0.00974273681641,8,8,0.270904660225,-85.7899093628,42.8949546814,42.8949546814,-5.70165120818e-16,2.52145718004e-15,-1.97894858492e-15,-0.00178743782453,0.000893718912266,0.000893718912266,-5.41998562699e-19,-2.9470956694e-19,-1.27902809486e-19,2.69078207016,0,0.00715029239655,0.00545501708984,-0.00272750854492,-0.00272750854492,-2.96321207958e-15,-7.90827032137e-16,-2.43839821449e-16,2.82190740108e-07,-1.41095370054e-07,-1.41095370054e-07,1.35818500625e-20,-1.98336440495e-20,-1.84974818738e-21,0.0705537796021,0,334.444763184,0,5.3290705182e-15,-5.47820629235e-15,1.39754548094e-15,4.60419582218e-15,-0.0592346191406,1.33226762955e-14,1.33226762955e-14,1.53030916702e-15,7.69785264324e-15,-1.09513515099e-15,-0.00194843753707,1337.77905273,RIGHT_FACE,4,4
39,CYCLIC_50,38.9902572632,39,-0.00974273681641,8,8,0.278053849936,-85.7844543457,42.8922271729,42.8922271729,2.22962218216e-15,4.31648345278e-15,-1.61915731655e-15,-0.00178715586662,0.000893577933311,0.000893577933311,-5.27553430114e-19,-2.88150831971e-19,-1.39749925287e-19,2.76129937172,0,0.00714918971062,0.00545501708984,-0.00272750854492,-0.00272750854492,2.79978730298e-15,1.79502627274e-15,3.59791268366e-16,2.81957909465e-07,-1.40978954732e-07,-1.40978954732e-07,1.44451325852e-20,6.55873496885e-21,-1.18471158009e-20,0.0705173015594,0,334.385559082,-1.02140518266e-14,-1.24344978758e-14,9.81355807901e-15,-6.11853045074e-15,7.19355367128e-15,-0.0592041015625,-1.02140518266e-14,-1.7763568394e-14,1.52917643714e-14,-7.51607593169e-15,2.5893578491e-15,-0.00194843753707,1337.54223633,RIGHT_FACE,4,4
40,CYCLIC_50,39.9902572632,40,-0.00974273681641,8,8,0.285201907158,-85.7789993286,42.8894996643,42.8894996643,-4.81330904311e-16,3.89037471422e-15,-2.00808096958e-15,-0.00178687414154,0.000893437070772,0.000893437070772,-6.18426285365e-19,-3.0245906253e-19,-1.54292974065e-19,2.83178043365,0,0.00714805722237,0.00545501708984,-0.00272750854492,-0.00272750854492,-2.71095308647e-15,-4.26108738553e-16,-3.88923653024e-16,2.81725078821e-07,-1.40862539411e-07,-1.40862539411e-07,-9.08728552515e-20,-1.43082305587e-20,-1.45430487775e-20,0.0704810619354,0,334.326385498,-1.35447209004e-14,-8.881784197e-15,1.61507613877e-14,-6.58652767507e-15,6.80624569225e-15,-0.0591735839844,-3.33066907388e-15,3.5527136788e-15,6.33720330867e-15,-4.6799722433e-16,-3.87307979037e-16,-0.00194843753707,1337.30554199,RIGHT_FACE,4,4
41,CYCLIC_50,40.9902572632,41,-0.00974273681641,8,8,0.292348861694,-85.7735366821,42.8867683411,42.8867683411,9.30318917631e-17,3.71304881008e-15,-1.73523355525e-15,-0.00178659253288,0.00089329626644,0.00089329626644,-6.37400126791e-19,-2.71590627539e-19,-1.43751119887e-19,2.90222525597,0,0.00714695453644,0.00546264648438,-0.00273132324219,-0.00273132324219,5.74362796074e-16,-1.77325904139e-16,2.72847414331e-16,2.81608663499e-07,-1.4080433175e-07,-1.4080433175e-07,-1.89738414258e-20,3.08684349906e-20,1.05418541778e-20,0.0704448223114,0,334.267242432,3.5527136788e-15,1.7763568394e-15,-7.12797272768e-15,-4.48354412492e-15,1.55434391218e-15,-0.0591430664062,1.70974345792e-14,1.06581410364e-14,-2.32787341154e-14,2.10298355015e-15,-5.25190178006e-15,-0.00194843753707,1337.06896973,RIGHT_FACE,4,4
42,CYCLIC_50,41.9902572632,42,-0.00974273681641,8,8,0.29949465394,-85.768081665,42.8840408325,42.8840408325,-9.00029211343e-16,2.97638698886e-15,-1.97247274341e-15,-0.00178631104063,0.000893155520316,0.000893155520316,-6.66029952853e-19,-2.23586241026e-19,-1.49856386103e-19,2.97263383865,0,0.00714579224586,0.00545501708984,-0.00272750854492,-0.00272750854492,-9.93061103106e-16,-7.36661821222e-16,-2.37239188167e-16,2.81492248178e-07,-1.40746124089e-07,-1.40746124089e-07,-2.86298260621e-20,4.80043865124e-20,-6.10526621658e-21,0.0704085826874,0,334.208129883,-9.99200722163e-15,8.881784197e-16,-1.63356542408e-14,1.12450755765e-14,2.74582160306e-15,-0.0591125488281,-1.35447209004e-14,-8.881784197e-16,-9.20768151312e-15,1.57286197015e-14,1.19147769088e-15,-0.00194843753707,1336.83251953,RIGHT_FACE,4,4
43,CYCLIC_50,42.9902572632,43,-0.00974273681641,8,8,0.3066393435,-85.7626266479,42.881313324,42.881313324,4.55672859213e-15,2.36231228225e-15,-1.03613333066e-15,-0.00178602978121,0.000893014890607,0.000893014890607,-5.94889970135e-19,-2.30577048114e-19,-1.27647063658e-19,3.04300618172,0,0.00714468955994,0.00545501708984,-0.00272750854492,-0.00272750854492,5.45675780347e-15,-6.14074706616e-16,9.36339412753e-16,2.81259417534e-07,-1.40629708767e-07,-1.40629708767e-07,7.11399827174e-20,-6.99080708707e-21,2.22093224449e-20,0.0703723430634,0,334.149078369,3.5527136788e-15,5.3290705182e-15,1.59916159671e-15,6.07115735384e-16,4.13529521075e-15,-0.0590515136719,1.35447209004e-14,4.4408920985e-15,1.79348158375e-14,-1.06379598412e-14,1.38947360768e-15,-0.00194843753707,1336.59631348,RIGHT_FACE,4,4
44,CYCLIC_50,43.9902572632,44,-0.00974273681641,8,8,0.313782900572,-85.7571640015,42.8785820007,42.8785820007,4.00597403201e-16,2.42966927527e-15,-1.90373972551e-15,-0.00178574875463,0.000892874377314,0.000892874377314,-6.4317089902e-19,-2.50863787942e-19,-1.41085740389e-19,3.11334228516,0,0.00714355707169,0.00546264648438,-0.00273132324219,-0.00273132324219,-4.15613118893e-15,6.73569930254e-17,-8.67606394853e-16,2.8102658689e-07,-1.40513293445e-07,-1.40513293445e-07,-4.82809288845e-20,-2.02867398283e-20,-1.34386767307e-20,0.0703361034393,0,334.090057373,6.43929354283e-15,-1.7763568394e-15,-7.32888539582e-15,-4.3169489437e-15,4.85235508153e-15,-0.0590209960938,2.88657986403e-15,-7.1054273576e-15,-8.92804699253e-15,-4.92406467909e-15,7.17059870784e-16,-0.00194843753707,1336.36022949,RIGHT_FACE,4,4
45,CYCLIC_50,44.9902572632,45,-0.00974273681641,8,8,0.320925325155,-85.7517089844,42.8758544922,42.8758544922,-3.27001436801e-17,6.41450639417e-16,-2.06178857094e-15,-0.00178546784446,0.000892733922228,0.000892733922228,-6.88740235345e-19,-2.84077308949e-19,-1.53355621416e-19,3.18364214897,0,0.00714242458344,0.00545501708984,-0.00272750854492,-0.00272750854492,-4.33297546881e-16,-1.78821863585e-15,-1.58048845429e-16,2.80910171568e-07,-1.40455085784e-07,-1.40455085784e-07,-4.55693363247e-20,-3.32135210068e-20,-1.22698810265e-20,0.0702998638153,0,334.031066895,-2.6645352591e-15,3.5527136788e-15,1.04142453372e-15,-6.83214641791e-15,3.59329137447e-15,-0.0589904785156,-9.10382880193e-15,5.3290705182e-15,8.37030992954e-15,-2.51519747421e-15,-1.25906370706e-15,-0.00194843753707,1336.12426758,RIGHT_FACE,4,4
46,CYCLIC_50,45.9902572632,46,-0.00974273681641,8,8,0.328066647053,-85.7462463379,42.8731231689,42.8731231689,4.54781886431e-15,2.21823864417e-15,-1.8075174461e-15,-0.00178518716712,0.000892593583558,0.000892593583558,-5.58443183079e-19,-3.19072022243e-19,-1.4769123156e-19,3.25390601158,0,0.00714132189751,0.00546264648438,-0.00273132324219,-0.00273132324219,4.58051900799e-15,1.57678800475e-15,2.54271124839e-16,2.80677340925e-07,-1.40338670462e-07,-1.40338670462e-07,1.30297052265e-19,-3.4994713294e-20,5.6643898553e-21,0.0702638626099,0,333.972106934,1.64313007645e-14,9.7699626167e-15,-1.13692667002e-14,-1.11590790743e-14,4.02090386121e-15,-0.0589599609375,1.90958360236e-14,6.2172489379e-15,-1.2410691234e-14,-4.32693265635e-15,4.27612486732e-16,-0.00194843753707,1335.88842773,RIGHT_FACE,4,4
47,CYCLIC_50,46.9902572632,47,-0.00974273681641,8,8,0.335206836462,-85.7407913208,42.8703956604,42.8703956604,-2.54507979735e-16,1.31743508176e-15,-1.80599615342e-15,-0.00178490660619,0.000892453303095,0.000892453303095,-6.15142801617e-19,-3.28904190493e-19,-1.44080427032e-19,3.32413363457,0,0.00714018940926,0.00545501708984,-0.00272750854492,-0.00272750854492,-4.80232684405e-15,-9.00803562411e-16,1.52129267996e-18,2.80560925603e-07,-1.40280462801e-07,-1.40280462801e-07,-5.66996185377e-20,-9.83216825027e-21,3.61080452861e-21,0.0702276229858,0,333.91317749,3.10862446895e-15,1.7763568394e-15,-7.81151029019e-15,-9.1047327449e-15,6.4307411041e-15,-0.0589294433594,-1.33226762955e-14,-7.9936057773e-15,3.55775641004e-15,2.05434632937e-15,2.40983724289e-15,-0.00194843753707,1335.65270996,RIGHT_FACE,4,4
48,CYCLIC_50,47.9902572632,48,-0.00974273681641,8,8,0.342345893383,-85.7353286743,42.8676643372,42.8676643372,2.32844775307e-15,2.99550045275e-15,-2.1911848825e-15,-0.00178462616168,0.00089231308084,0.00089231308084,-4.83419917774e-19,-2.78097404822e-19,-1.53767471331e-19,3.39432525635,0,0.00713905692101,0.00546264648438,-0.00273132324219,-0.00273132324219,2.58295573281e-15,1.678065371e-15,-3.85188729072e-16,2.80444510281e-07,-1.40222255141e-07,-1.40222255141e-07,1.31722883843e-19,5.08067856714e-20,-9.68704429895e-21,0.0701916217804,0,333.854309082,7.1054273576e-15,5.3290705182e-15,-1.18110666249e-15,-8.37965221326e-15,5.95169871572e-15,-0.0588684082031,3.99680288865e-15,3.5527136788e-15,6.63040362771e-15,7.2508053164e-16,-4.79042388378e-16,-0.00194843753707,1335.41723633,RIGHT_FACE,4,4
49,CYCLIC_50,48.9902572632,49,-0.00974273681641,8,8,0.349483847618,-85.7298660278,42.8649330139,42.8649330139,-2.30820408889e-16,2.29559604318e-15,-2.14293501054e-15,-0.00178434595,0.000892172975,0.000892172975,-5.76441515222e-19,-2.73754217285e-19,-1.6679372532e-19,3.4644806385,0,0.00713795423508,0.00546264648438,-0.00273132324219,-0.00273132324219,-2.55926816196e-15,-6.99904409577e-16,4.82498719554e-17,2.80211679637e-07,-1.40105839819e-07,-1.40105839819e-07,-9.30215974487e-20,4.34318753686e-21,-1.30262539891e-20,0.0701553821564,0,333.795471191,-2.22044604925e-16,8.881784197e-16,3.5918849292e-15,-1.61126842391e-15,5.20819554173e-15,-0.058837890625,-7.32747196253e-15,-4.4408920985e-15,4.77299159169e-15,6.76838378934e-15,-7.43503173988e-16,-0.00194843753707,1335.18188477,RIGHT_FACE,4,4
50,CYCLIC_50,50,50,0,8,8,0.356620669365,-85.7244033813,42.8622016907,42.8622016907,1.21904484551e-15,2.61535492807e-15,-2.03693836218e-15,-0.00178406597115,0.000892032985575,0.000892032985575,-6.1550201126e-19,-2.78289837203e-19,-1.7613346453e-19,3.53460025787,0,0.00713682174683,0.00546264648438,-0.00273132324219,-0.00273132324219,1.44986525439e-15,3.19758884894e-16,1.05996648364e-16,2.79978848994e-07,-1.39989424497e-07,-1.39989424497e-07,-3.90604960382e-20,-4.53561991843e-21,-9.33973921037e-21,0.0701196193695,0,374.653869629,4.10782519111e-15,-8.881784197e-15,6.87860528833e-15,-8.18394773896e-15,8.8078331199e-15,40.8583984375,4.32986979604e-15,-9.7699626167e-15,3.28672035913e-15,-6.57267931504e-15,3.59963757817e-15,0,1498.61547852,RIGHT_FACE,4,4
