case_id,mode,target_cycle,source_file,matched_line
R4P_A2_repeat_target272,jump,272,stage16n_r4p_target272_jump_250_to_272_solve_273_to_500_comparison_details.csv,"global_cycle_metric,500,RF1_max,2930.66376495,2896.65708923,1.1739973"
R4P_A2_repeat_target272,jump,272,stage16n_r4p_target272_jump_250_to_272_solve_273_to_500_comparison_details.csv,"global_cycle_metric,500,RF1_min,-3018.13922882,-3073.85819244,1.8126719"
R4P_A2_repeat_target272,jump,272,stage16n_r4p_target272_jump_250_to_272_solve_273_to_500_comparison_details.csv,"primary_local_scalar,500,HOLE_RING_MISES_MAX,441.529536251,493.082414121,10.455225"
R4P_A2_repeat_target272,jump,272,stage16n_r4p_target272_jump_250_to_272_solve_273_to_500_comparison_details.csv,"primary_local_scalar,500,HOLE_RING_SDV1_MAX,12.4806289673,13.0502681732,4.3649617"
R4P_A2_repeat_target272,jump,272,stage16n_r4p_target272_jump_250_to_272_solve_273_to_500_comparison_details.csv,"primary_local_scalar,500,HOLE_RING_SDV8_MAX,78.3183517456,91.477432251,14.385057"
R4P_A2_repeat_target272,jump,272,stage16n_r4p_target272_jump_250_to_272_solve_273_to_500_comparison_details.csv,"primary_local_scalar,500,HOLE_RING_SDV11_MAX,53.0957603455,60.1659240723,11.75111"
R4P_A2_repeat_target272,jump,272,stage16n_r4p_target272_jump_250_to_272_solve_273_to_500_comparison_details.csv,"diagnostic_local_scalar,500,HOLE_RING_S11_MAX_ABS,485.586883545,536.128723145,9.4271837"
R4P_A2_repeat_target272,jump,272,stage16n_r4p_target272_jump_250_to_272_solve_273_to_500_cycle_metrics.csv,"cycle,points,U1_max,U1_min,RF1_max,RF1_min,RF1_mean,loop_area_abs"
R4P_A2_repeat_target272,jump,272,stage16n_r4p_target272_jump_250_to_272_solve_273_to_500_selected_cycle_local_states.csv,"cycle,HOLE_RING_MISES_MAX,HOLE_RING_S11_MAX_ABS,HOLE_RING_SDV10_MAX,HOLE_RING_SDV11_MAX,HOLE_RING_SDV12_MAX,HOLE_RING_SDV13_MAX,HOLE_RING_SDV14_MAX,HOLE_RING_SDV15_MAX,HOLE_RING_SDV16_MAX,HOLE_RING_SDV17_MAX,HOLE_RING_SDV18_MAX,HOLE_RING_SDV19_MAX,HOLE_RING_SDV1_MAX,HOLE_RING_SDV20_MAX,HOLE_RING_SDV21_MAX,HOLE_RING_SDV22_MAX,HOLE_RING_SDV23_MAX,HOLE_RING_SDV24_MAX,HOLE_RING_SDV25_MAX,HOLE_RING_SDV26_MAX,HOLE_RING_SDV27_MAX,HOLE_RING_SDV2_MAX,HOLE_RING_SDV3_MAX,HOLE_RING_SDV4_MAX,HOLE_RING_SDV5_MAX,HOLE_RING_SDV6_MAX,HOLE_RING_SDV7_MAX,HOLE_RING_SDV8_MAX,HOLE_RING_SDV9_MAX,MISES_MAX,S11_MAX_ABS,SDV10_MAX,SDV11_MAX,SDV12_MAX,SDV13_MAX,SDV14_MAX,SDV15_MAX,SDV16_MAX,SDV17_MAX,SDV18_MAX,SDV19_MAX,SDV1_MAX,SDV20_MAX,SDV21_MAX,SDV22_MAX,SDV23_MAX,SDV24_MAX,SDV25_MAX,SDV26_MAX,SDV27_MAX,SDV2_MAX,SDV3_MAX,SDV4_MAX,SDV5_MAX,SDV6_MAX,SDV7_MAX,SDV8_MAX,SDV9_MAX"
